./graptolites/graptoloidea/grapto 4.jpg,c2e0949a64c59fbb
./graptolites/graptoloidea/grapto 1.jpg,80f4815f17cb9a6d
./graptolites/graptoloidea/grapto 3.jpg,d4187b4b6b076b19
./graptolites/graptoloidea/grapto 2.png,963c3871617366e6
./graptolites/dendroidea/dendro 4.jpg,eabd43d027da9489
./graptolites/dendroidea/dendro 1.jpg,dcb96f94a4c92645
./graptolites/dendroidea/dendro 3.jpg,80009278ffe76b1f
./graptolites/dendroidea/dendro 2.jpg,d45e462a6ba955a5
./reptilia/mosasauridae/mosa tooth.jpg,943433ba345b2dcd
./reptilia/mosasauridae/mosa 2.jpg,e02f803e1b9c5eb5
./reptilia/mosasauridae/mosa 3.jpg,ad325ac432a7b4ae
./reptilia/mosasauridae/mosa 1.jpg,b4c16b92966fc01f
./reptilia/mosasauridae/mosa 4.jpg,fd25c87f8b4056c2
./reptilia/mosasauridae/mosa tooth 2.jpg,d93333ce664cb298
./reptilia/mosasauridae/mosa 5.jpg,a59a7a99134bb364
./reptilia/mosasauridae/mosa 7.jpg,951a6b63e83dc389
./reptilia/mosasauridae/mosa 6.jpg,b86c5b938419337e
./reptilia/pterosauria/pt 9.jpg,941533734fcc6969
./reptilia/pterosauria/pt 8.jpg,eb6a90f42bd88ccc
./reptilia/pterosauria/pt 1.jpg,e5d8da2394b49d25
./reptilia/pterosauria/pt 3.jpg,964b2dde32f4848d
./reptilia/pterosauria/pt 2.jpg,84ef539c8ad3bc24
./reptilia/pterosauria/pt 6.jpg,939c876390f89c76
./reptilia/pterosauria/pt 7.jpg,fa909d69c647914b
./reptilia/pterosauria/pt 5.jpg,94d00f134f671f96
./reptilia/pterosauria/pt 4.jpg,f8cecd3391a49961
./reptilia/testudines/test.jpg,bfbdd05093e29143
./reptilia/testudines/test 4.jpg,e38a967998e23566
./reptilia/testudines/test 1.jpg,ef8614d218b92fcc
./reptilia/testudines/test 3.jpg,b8a73973c618c61e
./reptilia/testudines/test 2.jpg,aa25ca2aa5deca4b
./reptilia/ichthyosauria/ich 4.jpg,ab6ff480905dc378
./reptilia/ichthyosauria/ich 5.jpg,eda515951a393574
./reptilia/ichthyosauria/ich 6.jpg,8b7764cc33639c8c
./reptilia/ichthyosauria/ich 2.jpg,a03595d28f191bf5
./reptilia/ichthyosauria/ich 3.jpg,f2a58a5a65623cdc
./reptilia/ichthyosauria/ich 1.jpg,93f8c20d3b64ee25
./reptilia/crocodilia/croc 1.jpg,bff3c018c0cdd427
./reptilia/crocodilia/croc 3.jpg,9016786764cb9e79
./reptilia/crocodilia/croc 2.jpg,fa948f4db142b199
./reptilia/crocodilia/croc 5.jpg,ead195c91aea4c65
./reptilia/crocodilia/croc 4.jpg,ef989127c4491bb6
./reptilia/plesiosauria/plio 10.jpg,cf3890c4793f1f81
./reptilia/plesiosauria/plio 2.jpg,af9ecb6096cf6030
./reptilia/plesiosauria/plio 3.jpg,c3c1a63e19c9e4e6
./reptilia/plesiosauria/plio 1.jpg,b87b183ec6c327c4
./reptilia/plesiosauria/plio 4.jpg,91093663ed861bbd
./reptilia/plesiosauria/plio 5.jpg,8d5621da8d26cb67
./reptilia/plesiosauria/plio 7.jpg,91496c374fc6d2c9
./reptilia/plesiosauria/plio 6.jpg,e62699996a65399a
./reptilia/plesiosauria/plio 8.jpg,9964273bc8d61b2d
./reptilia/plesiosauria/plio 9.jpg,c1caa6d896969567
./fish/dunkleosteus/dunk 6.jpg,fa3d3fa39144910b
./fish/dunkleosteus/dunk 7.jpg,feeb81d4c0e982d2
./fish/dunkleosteus/dunk 5.jpg,efa08759516b6354
./fish/dunkleosteus/dunk 4.jpg,ebe1b14e8a1c99a9
./fish/dunkleosteus/dunk 1.jpg,efcf803c91849d99
./fish/dunkleosteus/dunk 3.jpg,9b813d8994ee09be
./fish/dunkleosteus/dunk 2.jpg,d101ef6f8137c728
./fish/dunkleosteus/dunk 8.jpg,ea3685c87c194fc9
./fish/bothriolepis/both 1.jpg,e41b32e49b33e41e
./fish/bothriolepis/both 2.jpg,efb9c8e790988643
./fish/bothriolepis/both 3.jpg,ae05e55ec718cb2c
./fish/bothriolepis/both 7.jpg,af38c42599b5919e
./fish/bothriolepis/both 6.jpg,b33acbc34ccc741c
./fish/bothriolepis/both 4.jpg,978e685e25a9346d
./fish/bothriolepis/both 5.jpg,ebba94899ae4e185
./fish/knightia/knightia 4.jpg,eaca953568c21f99
./fish/knightia/knightia 5.jpg,ff95c0681e1368ce
./fish/knightia/knightia 7.jpg,feb591d1c04a878b
./fish/knightia/knightia 6.jpg,ffc8d0174f283c51
./fish/knightia/knightia 2.jpg,b2bec0c1741e9b69
./fish/knightia/knightia 3.jpg,a0428fb1a7cd995b
./fish/knightia/knightia 1.jpg,ea92954b5338ea87
./fish/knightia/knightia 8.jpg,eeb09165e09ac66b
./fish/batoidea/bato 5.jpg,e18a9e93719e7069
./fish/batoidea/bato 4.jpg,ae4f217897609f85
./fish/batoidea/bato 6.jpg,d983b39e7c1909c3
./fish/batoidea/bato 3.jpg,efceb0f8c19806c6
./fish/batoidea/bato 2.jpg,dacd64ca4dbc74a0
./fish/batoidea/bato 1.jpg,88ed4e8ff328464d
./fish/xiphactinus/xi 1.jpg,815f871e162c3bea
./fish/xiphactinus/xi 2.jpg,d0f42d4b1c9f331c
./fish/xiphactinus/xi 3.jpg,ff2091a432b196bd
./fish/xiphactinus/xi 7.jpg,95f42a6b6a94c995
./fish/xiphactinus/xi 6.jpg,c7663a48b138cf4b
./fish/xiphactinus/xi 4.jpg,e7f01fc731c9c412
./fish/xiphactinus/xi 5.jpg,c31c39e35eac6855
./fish/tiktaalik/tik 1.jpg,991f351e8aed9164
./fish/tiktaalik/tik 2.jpg,8a12c96db71f9ca2
./fish/tiktaalik/tik 3.jpg,f3c20ecc31b9d6c2
./fish/tiktaalik/tik 7.jpg,ab28d5ea78c68939
./fish/tiktaalik/tik 6.jpg,fe44872ecc31c13d
./fish/tiktaalik/tik 4.jpg,bb4bc4b42349d8b6
./fish/agnatha/ag 4.jpg,ea3929ea95c59a16
./fish/agnatha/ag 5.jpg,b0b61c194b1973e7
./fish/agnatha/ag 2.jpg,d3c16e21867eb3c1
./fish/agnatha/ag 3.jpg,97f7b88cd825c134
./fish/agnatha/ag 1.jpg,8b37f6dac80c2933
./fish/eusthenopteron/eu 1.jpg,c794c54c3e8778d8
./fish/eusthenopteron/eu 3.jpg,f333f2603c8e5a0e
./fish/eusthenopteron/eu 2.jpg,c5e356c0680be76d
./fish/eusthenopteron/eu 6.jpg,fa3785c86f173032
./fish/eusthenopteron/eu 5.jpg,819f56607f4a84af
./fish/carcharocles megalodon/mega 3.jpg,fac0db6b890dac1c
./fish/carcharocles megalodon/mega 2.jpg,cbdc3443a27a97c1
./fish/carcharocles megalodon/mega 1.jpg,c1980e0f9de3784f
./fish/carcharocles megalodon/mega 5.jpg,e1483c6e8fb36592
./fish/carcharocles megalodon/mega 4.jpg,b2266dcdc7c30395
./fish/otodus/oto 1.jpg,d0acb3d3296b433c
./fish/otodus/oto 3.jpg,d1991e1a69e6a62b
./fish/otodus/oto 2.jpg,99c63631cccbcb64
./fish/otodus/oto 6.jpg,a7d9f0880627d97c
./fish/otodus/oto 5.jpg,9e6967933986cc26
./fish/otodus/oto 4.jpg,b36ccc9324393bc6
./fish/latimeria/lati 3.jpg,dbb7d1c04e0e24b9
./fish/latimeria/lati 2.jpg,da1585426abd7572
./fish/latimeria/lati 1.jpg,d05cbd7a6895063b
./fish/latimeria/lati 5.jpg,fbc195908e12d96e
./fish/latimeria/lati 4.jpg,c44a2e2df9d1c317
./fish/latimeria/lati 6.jpg,862d3c93cb4c786b
./bryozoa/rhombopora/rhomb 1.jpg,c6467b71918c2e7a
./bryozoa/rhombopora/rhomb 2.jpg,f76da00ee9a14cac
./bryozoa/rhombopora/rhomb 3.jpg,da96e5721a0d8763
./bryozoa/rhombopora/rhomb 6.jpg,86c378b42c6ef391
./bryozoa/rhombopora/rhomb 4.jpg,cd7166388749e1bc
./bryozoa/rhombopora/rhomb 5.jpg,a6b1c74c8e6dd03a
./bryozoa/archimedes/archimedes 1.jpg,bb13b53ec4b94740
./bryozoa/archimedes/archimedes 3.jpg,92ee387aa8c3990f
./bryozoa/archimedes/archimedes 2.jpg,be62ce9db1a50c46
./bryozoa/archimedes/archimedes 5.jpg,fec6c03585199739
./bryozoa/archimedes/archimedes 4.jpg,979569726a4996a5
./mollusca/gryphaea/grpyh 5.jpg,c00b3fbbb0c5dac1
./mollusca/gryphaea/gryph 8.jpg,f998866cca35399a
./mollusca/gryphaea/gryph 2.jpg,bbccf196806a4f70
./mollusca/gryphaea/gryph 3.jpg,95366aca68c963cd
./mollusca/gryphaea/gryph 1.jpg,c63069cf19e13fc1
./mollusca/gryphaea/gryph 4.jpg,c7c13c3e3193c3cc
./mollusca/gryphaea/gryph 7.jpg,9c0d3161f527417f
./mollusca/gryphaea/gryph 6.jpg,fa25c15297cbc89c
./mollusca/platyceras/platy 1.jpg,c44b383d2ff017e4
./mollusca/platyceras/platy 2.jpg,b896c7798e6438c6
./mollusca/platyceras/platy 3.jpg,add09185dace959a
./mollusca/platyceras/platy 7.jpg,abb49053c26a8fe5
./mollusca/platyceras/platy 6.jpg,eeb5d2f18a40d9c4
./mollusca/platyceras/platy 4.jpg,c5423a8f3f5ea852
./mollusca/platyceras/platy 5.jpg,ee9e85739672d024
./mollusca/platyceras/platy 8.jpg,c4cb3f9c6438b463
./mollusca/pecten/pecten 4.jpg,bf34f035c10bcbc1
./mollusca/pecten/pecten 5.jpg,d01c2bf17486356f
./mollusca/pecten/pecten 6.jpg,ea3cb5e494e39291
./mollusca/pecten/pecten 2.jpg,91966b78346927ad
./mollusca/pecten/pecten 3.jpg,bfe1e087879e8298
./mollusca/pecten/pecten 1.jpg,95a27a97684d656c
./mollusca/glycymeris/glycy 9.jpg,ec9e836b9e619864
./mollusca/glycymeris/glycy 8.jpg,96c32d389cc3a73a
./mollusca/glycymeris/glycy 5.jpg,cf8c30333363cb33
./mollusca/glycymeris/glycy 4.jpg,d0ea2f313493b2cb
./mollusca/glycymeris/glycy 6.jpg,e44b1bb5bc15c44b
./mollusca/glycymeris/glycy 7.jpg,83f158341e7fec48
./mollusca/glycymeris/glycy 3.jpg,cb9c3c6130673367
./mollusca/glycymeris/glycy 2.jpg,cb983c6362c7a38e
./mollusca/glycymeris/glycy 1.jpg,eaca9c35c56e1ac2
./mollusca/belemnitella/bel 7.jpg,d0b53f132f6bc0c8
./mollusca/belemnitella/bel 6.jpg,dcb512c8ac95566e
./mollusca/belemnitella/bel 4.jpg,9fd5c042c13f4ed1
./mollusca/belemnitella/bel 5.jpg,cde23a78a6c5e059
./mollusca/belemnitella/bel 1.jpg,ea95c260b51f2753
./mollusca/belemnitella/bel 2.jpg,8266b49cdb8e0bd3
./mollusca/belemnitella/bel 3.jpg,abd3d08cd4c61cd6
./mollusca/exogyra/exo 9.jpg,9e86792966b16c96
./mollusca/exogyra/exo 8.jpg,95987a5a6869356d
./mollusca/exogyra/exo 1.jpg,c0e62f0f393f3198
./mollusca/exogyra/exo 3.jpg,db96e04de30ccf90
./mollusca/exogyra/exo 2.jpg,d1ca2e35e142a7ce
./mollusca/exogyra/exo 6.jpg,96967a4b616d263c
./mollusca/exogyra/exo 7.jpg,fe819875859a879a
./mollusca/exogyra/exo 5.jpg,d5d6196e25b12669
./mollusca/exogyra/exo 4.jpg,e5c71b381e49b586
./mollusca/cypraea/cyp 1.jpg,85ac535a7cc33a4b
./mollusca/cypraea/cyp 2.jpg,b3c06c134b1deb1e
./mollusca/cypraea/cyp 3.jpg,b86c449b2bb6fc44
./mollusca/cypraea/cyp 6.jpg,939b6e22696c4b2d
./mollusca/cypraea/cyp 4.jpg,9ec6694e356d3231
./mollusca/cypraea/cyp 5.png,f3a6ccc9c58b888b
./mollusca/goniatitida/gon 3.jpg,f8e3868edb384998
./mollusca/goniatitida/gon 2.jpg,ed4993969658da13
./mollusca/goniatitida/gon 1.jpg,f07c0fe16e92b107
./mollusca/goniatitida/gon 5.PNG,ee96b158c4a1cac7
./mollusca/goniatitida/gon 4.jpg,8515bc7e52ec686a
./mollusca/turritella/turr 6.jpg,95953bfc3ac07268
./mollusca/turritella/turr 7.jpg,aec5e178952cdaa1
./mollusca/turritella/turr 5.jpg,adc5256a4bea8a5c
./mollusca/turritella/turr 4.jpg,d3382c8729972d97
./mollusca/turritella/turr 1.jpg,c12d16f88d1778c7
./mollusca/turritella/turr 3.jpg,c04080f66e1f7f37
./mollusca/turritella/turr 2.jpg,ea60ce9cb18db913
./mollusca/baculites/bacu 1.jpg,ab369185f06a17da
./mollusca/baculites/bacu 3.jpg,bf57a06e5a21c8b4
./mollusca/baculites/bacu 2.jpg,fac2852d7ad2606d
./mollusca/baculites/bacu 6.jpg,c12d6ad23c3591cf
./mollusca/baculites/bacu 5.jpg,c0c860963d6cf4f7
./mollusca/baculites/bacu 4.jpg,aad4556aaa9516d6
./mollusca/dactylioceras/dact 5.jpg,fe2ab4a5b29c91c4
./mollusca/dactylioceras/dact 4.jpg,ea95854a9e6a3d61
./mollusca/dactylioceras/dact 6.jpg,be6ab535d0b4c312
./mollusca/dactylioceras/dact 7.jpg,bfbca890959290fa
./mollusca/dactylioceras/dact 3.jpg,8e3368cb31ce33cc
./mollusca/dactylioceras/dact 2.jpg,dede715831610765
./mollusca/dactylioceras/dact 1.jpg,c2da693d2c3c3627
./mollusca/nautilida/naut 2.jpg,87933b4e686ce439
./mollusca/nautilida/naut 3.jpg,c1c3368fd330d999
./mollusca/nautilida/naut 1.jpg,934d6c36332c36d9
./mollusca/nautilida/naut 4.jpg,fea0a1d5965ada09
./mollusca/nautilida/naut 5.jpg,f5528e3f9c313544
./mollusca/orthocerida/ortho 1.jpg,e0079f78e047de98
./mollusca/orthocerida/ortho 2.jpg,d4e32b1bbd9cc062
./mollusca/orthocerida/ortho 3.jpg,eb83adc2c6899a9c
./mollusca/orthocerida/ortho 6.jpg,af92e928d85ad40f
./mollusca/orthocerida/ortho 4.jpg,ee585b0beca051a7
./mollusca/orthocerida/ortho 5.jpg,bcc2923ec939c336
./mollusca/astarte/astarte 8.jpg,c391c69c3e867996
./mollusca/astarte/astarte 3.jpg,c34f6ce43c96349a
./mollusca/astarte/astarte 2.jpg,d2613f9f609897c1
./mollusca/astarte/astarte 1.jpg,bec4c00f877a9b38
./mollusca/astarte/astarte 5.jpg,ec8cd26bcf341893
./mollusca/astarte/astarte 4.jpg,dca8c3e33c3f43c0
./mollusca/astarte/astarte 6.jpg,c36d3db4349361d2
./mollusca/astarte/astarte 7.jpg,afc2d13c2cc3da0d
./mollusca/nucula/nucula 7.jpg,d0c22f0fad7eb430
./mollusca/nucula/nucula 6.jpg,854e3f3762e89c13
./mollusca/nucula/nucula 4.jpg,db1939e125c7264e
./mollusca/nucula/nucula 5.jpg,de06b40ff1c90d71
./mollusca/nucula/nucula 1.jpg,c5a13a851d7a5ab5
./mollusca/nucula/nucula 2.jpg,c1c63e3ec1c53e31
./mollusca/nucula/nucula 3.jpg,96c62e1b567a6c25
./mollusca/conus/conus 6.jpg,86c7683b393d3c34
./mollusca/conus/conus 7.jpg,a1816e4e7c1e7e13
./mollusca/conus/conus 5.jpg,ce93796e242d7164
./mollusca/conus/conus 4.jpg,dac961b6669a8999
./mollusca/conus/conus 1.jpg,cfc93c3c32307393
./mollusca/conus/conus 3.jpg,c1ed071638d27e53
./mollusca/conus/conus 2.jpg,b4364ac96b4f1ec8
./mollusca/ceratitida/cera 1.jpg,96482f1f31a57aa5
./mollusca/ceratitida/cera 3.PNG,e693bb4f74b06a40
./mollusca/ceratitida/cera 2.JPG,b891c56ace6d9e22
./mollusca/ceratitida/cera 5.jpg,bf40942fd03dc837
./mollusca/ceratitida/cera 4.jpg,eac7a19e970f90d0
./mollusca/worthenia/worth  5.jpg,f287cd3cf0f80513
./mollusca/worthenia/worth 7.jpg,cb6737183069c6c7
./mollusca/worthenia/worth 4.jpg,8a02bd0b7af548f3
./mollusca/worthenia/worth 1.jpg,b4c7928c9939c337
./mollusca/worthenia/worth 3.jpg,e2851b37ad523e4a
./mollusca/worthenia/worth 2.jpg,d3172ce91cf44b94
./forams/fusulinida/fusu 3.PNG,b6c30d4ad2c5db1a
./forams/fusulinida/fusu 2.PNG,d16433bc62a556ba
./forams/fusulinida/fusu 5.PNG,80bf82fb01ff40e6
./forams/fusulinida/fusu 4.PNG,c46c0e12572feb2b
./forams/fusulinida/Fusulinids 1.PNG,d7186e25b466329b
./forams/nummulites/num 5.PNG,c11b929a3ced4f0e
./forams/nummulites/num 4.PNG,c0ca0aff2f8434cf
./forams/nummulites/num 3.PNG,8e0ca9ec46d2978f
./forams/nummulites/num 2.PNG,d589e626dbc3604e
./forams/nummulites/num 1.PNG,caaa2a6b39892ef1
./dinosauria/diplodocus/diplo 8.jpg,b31d9c876661b1b8
./dinosauria/diplodocus/diplo tooth 1.jpg,901f976a6a3535d2
./dinosauria/diplodocus/diplo tooth 2.jpg,eaca94b5f312644d
./dinosauria/diplodocus/diplo 4.jpg,ab9fd81885e1c34e
./dinosauria/diplodocus/diplo 5.jpg,95ca62153e7273b1
./dinosauria/diplodocus/diplo 7.jpg,b133cecc0c3c33d3
./dinosauria/diplodocus/diplo 6.jpg,8cb31f68b19c4ac7
./dinosauria/diplodocus/diplo 2.jpg,e79f81605c976968
./dinosauria/diplodocus/diplo 3.jpg,9f50bb6fc0646c19
./dinosauria/diplodocus/diplo 1.jpg,b38c84716c9e736c
./dinosauria/brachiosaurus/brachio 7.jpg,c26d2f96984c679c
./dinosauria/brachiosaurus/brachio 6.jpg,f6dcc169e14ae885
./dinosauria/brachiosaurus/brachio 4.jpg,c586f2d7053b62e2
./dinosauria/brachiosaurus/brachio 5.png,e6da9524c932e68d
./dinosauria/brachiosaurus/brachio 1.jpg,e3ca9a34e4c93ba4
./dinosauria/brachiosaurus/brachio 2.jpg,e098cd6799c966b2
./dinosauria/brachiosaurus/brachio 3.jpg,e9d691256cda1665
./dinosauria/brachiosaurus/brachio tooth 1.jpg,b01a630f1fb5f14a
./dinosauria/tyrannosaurus/trex 1.jpg,f4e4eeaa97111711
./dinosauria/tyrannosaurus/trex 3.jpg,e2db4985949572f2
./dinosauria/tyrannosaurus/trex 2.jpg,e58c1ae0c17b6aad
./dinosauria/tyrannosaurus/trex 6.jpg,ea0a9d35c43cd2b6
./dinosauria/tyrannosaurus/trex 7.jpg,bb9db47ad0e08a61
./dinosauria/tyrannosaurus/trex 5.jpg,a52fbae2d43a4ac2
./dinosauria/tyrannosaurus/trex 4.jpg,ba2fd3c4d8c94cb0
./dinosauria/tyrannosaurus/trex tooth.jpg,ade1c31f963c9831
./dinosauria/tyrannosaurus/trex tooth 1.jpg,921e39624e67ec6c
./dinosauria/tyrannosaurus/trex 8.jpg,ea89e1bfe4d311c0
./dinosauria/dracorex/draco 5.jpg,dac0e2d70f8c36ac
./dinosauria/dracorex/draco 4.jpg,e84b9a8cbd3d2564
./dinosauria/dracorex/draco 3.jpg,ed8dfcd618010fe8
./dinosauria/dracorex/draco 2.jpg,c7613c1f93c86c96
./dinosauria/dracorex/draco 1.jpg,f52dc86a8ac2da5c
./dinosauria/ankylosaurus/anky tooth 1.jpg,afa680d0f02f1eab
./dinosauria/ankylosaurus/anky tooth 2.jpg,accdc2329b3bb864
./dinosauria/ankylosaurus/anky tooth 3.jpg,b1c9832ecdc98c6d
./dinosauria/ankylosaurus/anky 2.jpg,801f32e067de4cbd
./dinosauria/ankylosaurus/anky.jpg,ae91c36a70341f5b
./dinosauria/ankylosaurus/anky 3.jpg,9293e1683f678e13
./dinosauria/ankylosaurus/anky 4.jpg,cdf27205385e3798
./dinosauria/ankylosaurus/anky 5.jpg,b0f1c596ce8a19d9
./dinosauria/ankylosaurus/anky 6.jpg,95429c392f7db960
./dinosauria/allosaurus/allo 3.jpg,845b61a6db183bba
./dinosauria/allosaurus/allo 2.png,9db43565474c58d9
./dinosauria/allosaurus/allo 1.jpg,e34adac2873d3929
./dinosauria/allosaurus/allo 5.jpg,ab95094bcd6d3cc4
./dinosauria/allosaurus/allo 4.jpg,f0c7cbcc858517b4
./dinosauria/allosaurus/allo 6.jpg,a62cd8d2d9b33136
./dinosauria/allosaurus/allo 7.jpg,b970c6cae0a5b437
./dinosauria/allosaurus/allo 8.jpg,ffb70220626126fe
./dinosauria/allosaurus/allo tooth 1.jpg,a0c08c3b37ab72ed
./dinosauria/allosaurus/allo tooth 2.jpg,c0f16ecab03c7336
./dinosauria/allosaurus/allo tooth 3.jpg,a3d99cf6e2c14689
./dinosauria/stegosaurus/stego 5.jpg,e5929ac9e17058bd
./dinosauria/stegosaurus/stego 4.jpg,ea6ac19533129ebc
./dinosauria/stegosaurus/stego 6.jpg,f4b051cb8f4ae44d
./dinosauria/stegosaurus/stego 7.jpg,f660c9d4f2c1cc0f
./dinosauria/stegosaurus/stego 3.jpg,bf87d071c14c0eb5
./dinosauria/stegosaurus/stego plate 2.jpg,e192c35b9ccd8c4d
./dinosauria/stegosaurus/stego 2.jpg,eac3deb0243c91cb
./dinosauria/stegosaurus/stego 1.jpg,adb0d2639dcccc8c
./dinosauria/stegosaurus/THAGOMIZER.jpg,e6c6d92d0839b2cb
./dinosauria/stegosaurus/stego plate.jpg,94b43b6064cb6c9f
./dinosauria/dilophosaurus/dilo 4.jpg,ead290c0c59b9f1b
./dinosauria/dilophosaurus/dilo 5.jpg,a5add29629cb3e88
./dinosauria/dilophosaurus/dilo 7.jpg,95db49163e3c2479
./dinosauria/dilophosaurus/dilo 6.jpg,decaf1f0c8624996
./dinosauria/dilophosaurus/dilo 2.jpg,9195276eb8975e18
./dinosauria/dilophosaurus/dilo 3.jpg,c2f18137f849769a
./dinosauria/dilophosaurus/dilo 1.jpg,ed1e9d87e261704c
./dinosauria/velociraptor/velo.jpg,e3cc90372c0bcb73
./dinosauria/velociraptor/velo 8.jpg,b8738d86666b9135
./dinosauria/velociraptor/velo 9.jpg,d13b7e4d75724a20
./dinosauria/velociraptor/velo claw.jpg,e932b5cd561c9a8a
./dinosauria/velociraptor/velo 2.jpg,eacb95363ac96883
./dinosauria/velociraptor/velo 3.jpg,ebc34b94946dc43c
./dinosauria/velociraptor/velo 1.jpg,ca95856072b8de67
./dinosauria/velociraptor/velo 4.jpg,eac985b4b5379072
./dinosauria/velociraptor/velo 5.jpg,bf3ec0c094cd633a
./dinosauria/velociraptor/velo 7.jpg,cd87b0d8f2c989a5
./dinosauria/velociraptor/velo claw 2.jpg,b867c4980f2dd879
./dinosauria/velociraptor/velo 6.jpg,d9f9416e2f889598
./dinosauria/iguanodon/ig 9.jpg,83e4748b2f9dd270
./dinosauria/iguanodon/ig teeth.jpg,ed1ad6c1c86f1534
./dinosauria/iguanodon/ig 8.jpg,eac491b0b5cfb146
./dinosauria/iguanodon/ig thumb 2.jpg,c4ccbb06b2e3df02
./dinosauria/iguanodon/ig teeth 2.jpg,9e05b69aa574c16b
./dinosauria/iguanodon/ig 3.png,e4c2d636a5e40bae
./dinosauria/iguanodon/ig thumb.jpg,d4cae6994be45893
./dinosauria/iguanodon/ig 2.jpg,b64dc392d8fe4829
./dinosauria/iguanodon/ig 1.jpg,b907c0c164b6db6d
./dinosauria/iguanodon/ig 5.jpg,be1796a79740cb21
./dinosauria/iguanodon/ig 12.jpg,b60dc991b27e4c69
./dinosauria/iguanodon/ig 13.jpg,b79cc14632793c4e
./dinosauria/iguanodon/ig 4.jpg,c415ed52d06f666a
./dinosauria/iguanodon/ig 6.jpg,d6fcf2d0ad0a2127
./dinosauria/iguanodon/ig 11.jpg,9db4d84c4ecc6566
./dinosauria/iguanodon/ig 10.jpg,a90ecadbd61c9d28
./dinosauria/iguanodon/ig 7.jpg,a043d73cc5704dde
./dinosauria/triceratops/tri 5.PNG,a7d8cf1391c438ec
./dinosauria/triceratops/tri 4.jpg,f0b181749f5ec507
./dinosauria/triceratops/tri 6.jpg,934cb36a5ee0287b
./dinosauria/triceratops/tri 7.jpg,cece3c3636393191
./dinosauria/triceratops/tri 3.jpg,af2ed4c29f198949
./dinosauria/triceratops/tri 2.jpg,96966a496d6d6949
./dinosauria/triceratops/tri 1.jpg,bb6fc080cb189e3e
./dinosauria/patagotitan/pata 2.jpg,b08dcf70389ec365
./dinosauria/patagotitan/pata 3.jpg,e4cb19f63ca1a60d
./dinosauria/patagotitan/pata 1.jpg,b28f6030cc73cc7e
./dinosauria/patagotitan/pata 4.jpg,d292cb692c33339d
./dinosauria/patagotitan/pata 5.jpg,8d7c9269fb12f888
./dinosauria/patagotitan/pata 6.jpg,de016b6e81961e7a
./dinosauria/spinosaurus/spino.jpg,e6761e948ca591e9
./dinosauria/spinosaurus/spino 8.jpg,926d640c17b7dad1
./dinosauria/spinosaurus/spino tooth 1.jpg,c0e0391f4f345aaf
./dinosauria/spinosaurus/spino tooth 2.jpg,fec985a6427862bc
./dinosauria/spinosaurus/spino 4.jpg,d0953f7069624f4e
./dinosauria/spinosaurus/spino 5.jpg,94956c73664f1b98
./dinosauria/spinosaurus/spino 7.jpg,d54a2e35f248a537
./dinosauria/spinosaurus/spino 6.jpg,c4477cb85db3a603
./dinosauria/spinosaurus/spino 2.jpg,c0c8692532dbedb6
./dinosauria/spinosaurus/spino 3.jpg,bb3ec1e190cc6e32
./dinosauria/coelophysis/coelo 8.jpg,ede993b5843460cb
./dinosauria/coelophysis/coelo tooth 1.jpg,939ce4c1cf679864
./dinosauria/coelophysis/coelo tooth 2.jpg,e54dca929833d966
./dinosauria/coelophysis/coelo tooth 3.jpg,c666199b66646676
./dinosauria/coelophysis/coelo 5.jpg,d5b562da1d426e49
./dinosauria/coelophysis/coelo 4.jpg,dcbe5b894584e2c3
./dinosauria/coelophysis/coelo 6.jpg,95ce3e3f6c286066
./dinosauria/coelophysis/coelo 7.jpg,f95e05794a663163
./dinosauria/coelophysis/coelo 3.jpg,d5cf86c9f0f0e098
./dinosauria/coelophysis/coelo 2.jpg,e6cb9b92c5699198
./dinosauria/coelophysis/coelo 1.jpg,ad169e0d67c3d0f0
./dinosauria/parasaurolophus/para tooth.jpg,fcb2c344b5884db9
./dinosauria/parasaurolophus/para 1.jpg,bf07c498696693b8
./dinosauria/parasaurolophus/para 3.jpg,9e4e6025d6239b79
./dinosauria/parasaurolophus/para 2.jpg,a2628568ca1f5f9d
./dinosauria/parasaurolophus/para jaw.jpg,bfe5805aec2d7106
./dinosauria/parasaurolophus/para 5.jpg,ac6b43d099ef2534
./dinosauria/parasaurolophus/para 4.jpg,91636d4d1e5e5c51
./dinosauria/protoceratops/proto 3.jpg,d515fae82c4c93b1
./dinosauria/protoceratops/proto 2.jpg,e8049758ce659f3a
./dinosauria/protoceratops/proto 1.jpg,e8e38595da589768
./dinosauria/protoceratops/proto 5.jpg,c76a3a368bb1b05c
./dinosauria/protoceratops/proto 4.jpg,d1c00e1f7b6a27a5
./dinosauria/protoceratops/proto 6.jpg,cf4072bf149b9c49
./dinosauria/plateosaurus/plat 5.jpg,af70d04a1fb436c3
./dinosauria/plateosaurus/plat 4.jpg,d1c3dcc00ffac287
./dinosauria/plateosaurus/plat 7.jpg,893f96563483ada3
./dinosauria/plateosaurus/plat 3.jpg,eb3597f0d0ca0d1a
./dinosauria/plateosaurus/plat 2.jpg,d18e44e3139c6e9e
./dinosauria/plateosaurus/plat 1.png,c8b72d21e3ca9e2c
./dinosauria/plateosaurus/plat 10.jpg,9cbdc2d827d21762
./dinosauria/plateosaurus/plat 9.jpg,90b85bdb2db47291
./dinosauria/plateosaurus/plat 8.jpg,d3ab8ca5d5b51a30
./dinosauria/maiasaura/maia 8.jpg,926ad5a4ca6e87b1
./dinosauria/maiasaura/maia 9.jpg,d7d1c0c63eb13692
./dinosauria/maiasaura/maia 10.jpg,d0711f990b4eb953
./dinosauria/maiasaura/maia 11.jpg,e36fcdd290b0960b
./dinosauria/maiasaura/maia 7.jpg,bd94d832c26fe464
./dinosauria/maiasaura/maia 6.jpg,ef70918f167a68e0
./dinosauria/maiasaura/maia 4.png,ff34d28b20c98f38
./dinosauria/maiasaura/maia 5.jpg,8d8e8b8b91d8ca9e
./dinosauria/maiasaura/maia 1.jpg,dc5b13696be8030f
./dinosauria/maiasaura/maia 2.jpg,b9c6cc999f30b02d
./dinosauria/maiasaura/maia 3.jpg,f1e14cb0971ff092
./cnidaria/hexagonaria/hexa 1.jpg,811d51d643cf1ed6
./cnidaria/hexagonaria/hexa 2.jpg,eaca952d87259a36
./cnidaria/hexagonaria/hexa 3.jpg,c2fa48eda2652aba
./cnidaria/hexagonaria/hexa 7.jpg,b4cfc39c8eb19861
./cnidaria/hexagonaria/hexa 6.jpg,879eac5aa479a961
./cnidaria/hexagonaria/hexa 4.jpg,9dd261077fb46099
./cnidaria/hexagonaria/hexa 5.png,fa18a1ea8fa4c363
./cnidaria/hexagonaria/hexa 8.jpg,c18e2f29b077d2ca
./cnidaria/halysites/haly 4.jpeg,eab0f49585c383d3
./cnidaria/halysites/haly 1.jpg,951b1a707ae36707
./cnidaria/halysites/haly 3.jpg,dce76481da2d17c4
./cnidaria/halysites/haly 2.jpg,d9d301e7e54e482b
./cnidaria/halysites/haly 6.jpg,d89b539163b7c8a2
./cnidaria/halysites/haly 7.jpg,81171f9b3af13871
./cnidaria/favosites/fav 2.jpg,d8a5a25df01a717a
./cnidaria/favosites/fav 3.jpg,fb9160ce2549c7d8
./cnidaria/favosites/fav 1.jpg,c5e00f466d4e6c2f
./cnidaria/favosites/fav 4.jpg,c1ce2d3e3e60c333
./cnidaria/favosites/fav 5.jpg,fa01555f2a56b878
./cnidaria/favosites/fav 7.jpg,aad56f083c0f2373
./cnidaria/favosites/fav 6.jpg,d7186f2944612fe5
./cnidaria/heliophyllum/helio 4.jpg,c0953f7a78636163
./cnidaria/heliophyllum/helio 5.jpg,b89f2447e13f603c
./cnidaria/heliophyllum/helio 7.jpg,963869c636c99ae9
./cnidaria/heliophyllum/helio 6.jpg,92736fc43d363432
./cnidaria/heliophyllum/helio 2.jpg,c03c4f3b70d33dc2
./cnidaria/heliophyllum/helio 3.jpg,95a56f466c9a7039
./cnidaria/heliophyllum/helio 1.jpg,c0c93e3f693661f0
./cnidaria/septastrea/septa 8.jpg,c4a40f5a3f2b3275
./cnidaria/septastrea/septa 6.jpg,ce6c2c65736b3298
./cnidaria/septastrea/septa 7.jpg,f18cc36c8e32cd33
./cnidaria/septastrea/septa 5.jpg,dc836a3ca562c6cb
./cnidaria/septastrea/septa 4.jpg,c5d16f4b306c3b34
./cnidaria/septastrea/septa 1.jpg,9b9339693364666c
./cnidaria/septastrea/septa 3.jpg,c1275a9a2dbcb896
./cnidaria/septastrea/septa 2.png,85e13b1f70baa781
./sedimentary/fossiliferous limestone/fos 1.jpg,c0c10bdb2b7a2f5a
./sedimentary/fossiliferous limestone/fos 3.jpg,87c00eae7ceef0e0
./sedimentary/fossiliferous limestone/fos 2.jpg,fa948133c67b9a4c
./sedimentary/fossiliferous limestone/fos 5.jpg,c1584b0b6f3d3f14
./sedimentary/fossiliferous limestone/fos 4.jpg,95843ef57e30683a
./sedimentary/chalk/chalk 1.jpg,d09f2d609323d397
./sedimentary/chalk/chalk 3.jpg,85c21e437e3b623e
./sedimentary/chalk/chalk 2.jpg,96346dcbda3c91b0
./sedimentary/chalk/chalk microscope.jpg,977e0627217678ca
./sedimentary/sandstone/sand 4.jpg,eac48a1bf023e73c
./sedimentary/sandstone/sand 5.jpg,dc8b0cab8d971378
./sedimentary/sandstone/sand 2.jpg,fa91c53ec13c8e61
./sedimentary/sandstone/sand 3.jpg,eefaa48197c50bc2
./sedimentary/sandstone/sand 1.jpg,afcdc0d297329e42
./sedimentary/shale/shale 4.jpg,bb3dd0f08e038a9e
./sedimentary/shale/shale 1.jpg,ead0c50f96793ac1
./sedimentary/shale/shale 2.jpg,efc58068d59d911e
./sedimentary/shale/shale 3.jpg,fb9994622aa5f158
./sedimentary/chert/chert 1.jpg,bf9ea41894718ee1
./sedimentary/chert/chert 3.jpg,9b1a6465ce9239ce
./sedimentary/chert/chert 4.jpg,91cf68b166b06f85
./sedimentary/coquina/Coq 4.jpg,b891cbcd84668d6e
./sedimentary/coquina/Coq 1.jpg,c0c1071c7f0d7f1e
./sedimentary/coquina/Coq 3.jpg,c12c1f7a3f7c6830
./sedimentary/coquina/Coq 2.jpg,ea15fb2ae83ec038
./other/coprolite/copro 5.jpg,bf87c070cab02d1f
./other/coprolite/copro 4.jpg,e983562adaa5dac1
./other/coprolite/copro 3.jpg,fe6191964acb2d68
./other/coprolite/copro 2.jpg,eac09c3de8b2269e
./other/amber/amber 3.jpg,f81c97a5cf424c63
./other/amber/amber 2.jpg,ec9cc2c6954bdc98
./other/amber/amber 4.jpg,bab4e507c47a8732
./other/petrified wood/petwo 4.JPG,beb5c2e0074331be
./other/petrified wood/petwo 1.jpg,eac3d48e813c9778
./other/petrified wood/petwo 2.jpg,c4ca1f257b7e6830
./other/petrified wood/petwo 3.jpg,ea0fa4f895219733
./other/stromatolite/stroma 3.jpg,e798ef804ea57306
./other/stromatolite/stroma 2.jpg,e992346d7c90497d
./other/stromatolite/stroma 1.jpg,b8d88765f05a5f50
./other/stromatolite/stroma 5.jpg,acb8dcd0dee4ca60
./other/stromatolite/stroma 4.jpg,ba48bdaad1cd90c9
./other/stromatolite/stroma 6.jpg,ee40973b913eca4c
./echinodermata/echinoidea/ech 3.jpg,c39c3c3c30747373
./echinodermata/echinoidea/ech 2.jpg,ea802d4f341fb279
./echinodermata/echinoidea/ech 1.jpg,eadbb52d91348531
./echinodermata/echinoidea/ech 5.jpg,fbc0a815b55e914e
./echinodermata/echinoidea/ech 4.jpg,ea85395ea55aa668
./echinodermata/asteroidea/star 4.jpg,e3ed143e2db04a2b
./echinodermata/asteroidea/star 5.jpg,aa2c950f1f92463f
./echinodermata/asteroidea/star 2.jpg,b4e0cf1b49943cf8
./echinodermata/asteroidea/star 3.jpg,80161f7972626b6f
./echinodermata/asteroidea/star 1.jpg,d1543d78758632ce
./echinodermata/pentremites/pen 6.jpg,c3c73e3cb138b321
./echinodermata/pentremites/pen 4.jpg,ed8ff06448436cda
./echinodermata/pentremites/pen 5.jpg,cfc93c3cb262c233
./echinodermata/pentremites/pen 1.jpg,c3393cc3f0cec398
./echinodermata/pentremites/pen 2.jpg,c8b4ef67c02c993c
./echinodermata/pentremites/pen 3.jpg,a9d394ce704d72b4
./echinodermata/ophiuroidea/orph 5.jpg,cc12917f67c91e86
./echinodermata/ophiuroidea/orph 4.jpg,cc3933ce9c603b3c
./echinodermata/ophiuroidea/orph 6.jpg,808b1fbd38d13bc3
./echinodermata/ophiuroidea/orph 3.jpg,9c65161f07623f0f
./echinodermata/ophiuroidea/orph 2.jpg,c8ce9593736c1e92
./echinodermata/ophiuroidea/orph 1.jpg,f1de455151c95cd1
./echinodermata/crinoidea/crin2.jpg,dbc12838a79bb334
./echinodermata/crinoidea/crin 5.jpg,c4f73c41588fb94a
./echinodermata/crinoidea/crin 4.jpg,e03f9279cc9236c9
./echinodermata/crinoidea/crin 6.jpg,ea0eb1ba87699685
./echinodermata/crinoidea/crin 3.jpg,95c9506c46731be7
./echinodermata/crinoidea/crin 1.jpg,abafb2b4b0a5ec40
./echinodermata/crinoidea/crin stem 2.jpg,9a87a4c3f1f0789c
./echinodermata/crinoidea/crin stem 1.jpg,c50539dc6a624edb
./brachiopoda/lingula/ling 4.jpg,b81dc6769a393961
./brachiopoda/lingula/ling 5.jpg,9b8dc6e4b01aad66
./brachiopoda/lingula/ling 1.jpg,a112864b9e6e9e7c
./brachiopoda/lingula/ling 2.jpg,f3a0ded89d53201e
./brachiopoda/lingula/ling 3.jpg,b9b9c4c60ecc68dc
./brachiopoda/atrypa/atrypa 1.jpg,a2fadfe1d087900e
./brachiopoda/atrypa/atrypa 3.jpg,f2c53e0a6f47312a
./brachiopoda/atrypa/atrypa 2.jpg,b17fc6848c031c7f
./brachiopoda/atrypa/atrypa 6.jpg,feaec0b087c11ac7
./brachiopoda/atrypa/atrypa 7.jpg,ce0c3133e68ececc
./brachiopoda/atrypa/atrypa 5.jpg,c0d83f2f383635f0
./brachiopoda/atrypa/atrypa 4.jpg,f48bdb34cc623496
./brachiopoda/mucrospirifer/mucro 4.jpg,afe591f09a33164a
./brachiopoda/mucrospirifer/mucro 5.jpg,bf34c0c23f9de070
./brachiopoda/mucrospirifer/mucro 7.jpg,c08f3c2e27f097d2
./brachiopoda/mucrospirifer/mucro 6.jpg,eeda90351bc260de
./brachiopoda/mucrospirifer/mucro 2.jpg,fccad2343d8f60c8
./brachiopoda/mucrospirifer/mucro 3.jpg,bae8814fdaa648f2
./brachiopoda/mucrospirifer/mucro 1.jpg,bccbc2b48f4a6c49
./brachiopoda/mucrospirifer/mucro 8.jpg,d29a4e1e19e5296d
./brachiopoda/mucrospirifer/mucro.jpg,c0853e4f377833f0
./brachiopoda/juresania/jure 6.jpg,83b63e6cc819b7c1
./brachiopoda/juresania/jure 5.jpg,bd95c07a87299e26
./brachiopoda/juresania/jure 4.jpg,cc873b605fc449d6
./brachiopoda/juresania/jure 1.jpg,9acb2d2d3274c393
./brachiopoda/juresania/jure 3.jpg,b6c4c823cb3e6cb1
./brachiopoda/juresania/jure 2.jpg,947a6aa56dd46187
./brachiopoda/rafinesquina/rafine 4.jpg,a89ec6b08ff234e2
./brachiopoda/rafinesquina/rafine 5.png,99e0ffb1f644480b
./brachiopoda/rafinesquina/rafine 1.jpg,85b17b522e4a74cd
./brachiopoda/rafinesquina/rafine.jpg,bfc3f0abc0ac8b30
./brachiopoda/rafinesquina/rafine 2.jpg,bf80f04fc2fcc324
./brachiopoda/rafinesquina/rafine 3.jpg,d68c3870a537d24f
./brachiopoda/platystrophia/platys 8.jpg,c2b74a7e2f0c781c
./brachiopoda/platystrophia/platys 4.jpg,a480857f5ba57a1b
./brachiopoda/platystrophia/platys 5.jpg,ae79b4e48516ca1e
./brachiopoda/platystrophia/platys 7.jpg,d29d61caa532d633
./brachiopoda/platystrophia/platys 6.jpg,bf4891bd8190dd87
./brachiopoda/platystrophia/platys 2.jpg,ae36d9a7c0b4c2b4
./brachiopoda/platystrophia/platys 3.jpg,c4c64bcdb4330f6c
./brachiopoda/platystrophia/platys 1.jpg,d1c90e1c3f3c3d34
./brachiopoda/leptaena/lept 3.jpg,92874f96949b3e2c
./brachiopoda/leptaena/lept 2.jpg,bb22a386a1b6d5d4
./brachiopoda/leptaena/lept 1.jpg,bec1f40f903f4b30
./brachiopoda/leptaena/lept 5.jpg,835b3c276e94f14c
./brachiopoda/leptaena/lept 4.jpg,eee4a445a45f960b
./brachiopoda/leptaena/lept 6.jpg,ecb3b314f44a682e
./brachiopoda/leptaena/lept 7.jpg,e11a962dda74cb32
./brachiopoda/composita/comp 3.jpg,c4671b724df4092f
./brachiopoda/composita/comp 2.jpg,cc66319bcf4c9836
./brachiopoda/composita/comp 1.jpg,b9c99697e768600d
./brachiopoda/composita/comp 5.jpg,eb90e11dc3d2cf48
./brachiopoda/composita/comp 4.jpg,bee0bc10c48fd29b
./brachiopoda/composita/comp 6.jpg,e08f2d7093c69a9b
./brachiopoda/composita/comp 7.jpg,b09e2729dace703c
./brachiopoda/rhynchonellida/rhy 7.jpg,abd0dc2bd82ff081
./brachiopoda/rhynchonellida/rhy 6.jpg,c00f3eb474907f33
./brachiopoda/rhynchonellida/rhy 4.jpg,94991e6e68e4b536
./brachiopoda/rhynchonellida/rhy 5.jpg,904b5fb97aa16195
./brachiopoda/rhynchonellida/rhy 1.jpg,c1e64e0235c77d2d
./brachiopoda/rhynchonellida/rhy 2.jpg,8a7938c7669e6439
./brachiopoda/rhynchonellida/rhy 3.jpg,bfc3cd67e098c098
./amphibia/acanthostega/acan 6.jpg,e89017e15beab433
./amphibia/acanthostega/acan 7.jpg,c09fc0cd29fa1c5d
./amphibia/acanthostega/acan 5.jpg,e1e23e1b4ca4533d
./amphibia/acanthostega/acan 4.jpg,94d33b03f467c23c
./amphibia/acanthostega/acan 1.jpg,c98b33c61873fe30
./amphibia/acanthostega/acan 3.jpg,bef8b406be1a807a
./amphibia/acanthostega/acan 2.jpg,c0b46f5a25696e4d
./amphibia/diplocaulus/dip 5.jpg,95905e6f6878257c
./amphibia/diplocaulus/dip 4.jpg,c18f7e60a570539b
./amphibia/diplocaulus/dip 6.jpg,bf62c09d31796368
./amphibia/diplocaulus/dip 3.jpg,c8673d8fc34c3698
./amphibia/diplocaulus/dip 2.jpg,999c6639696c6467
./amphibia/diplocaulus/dip 1.jpg,971cf13cc33230cf
./amphibia/eryops/ery 5.jpg,d726d5ba4cc1903d
./amphibia/eryops/ery 4.jpg,efc096b7cc1ac419
./amphibia/eryops/ery 6.jpg,ba11d762974ec4e4
./amphibia/eryops/ery 3.jpg,afe0858fd8b1c31a
./amphibia/eryops/ery 2.jpg,bf70f2b5700eb0c1
./amphibia/eryops/ery 1.jpg,a87fc2813f5ed821
./amphibia/eryops/ery teeth 2.jpg,b3cccc333463cccc
./amphibia/eryops/ery teeth 1.jpg,a2330c0e899d99ff
./aves/ichthyornis/ich 4.jpg,e43093d363279fc4
./aves/ichthyornis/ich 5.jpg,954a6a8596355b6d
./aves/ichthyornis/ich 6.jpg,8db5726a0b0d9ce6
./aves/ichthyornis/ich 2.jpg,ef4cd43632c29b19
./aves/ichthyornis/ich 3.jpg,a1b696c379e452c9
./aves/ichthyornis/ich 1.jpg,95a56a566aeac835
./aves/archaeopteryx/arch 4.jpg,85e81a9597cb5999
./aves/archaeopteryx/arch 5.jpg,99f09b0bb496b51c
./aves/archaeopteryx/arch 7.jpg,ea3a95c550ae0f65
./aves/archaeopteryx/arch 6.jpg,bfe0c0478b9ab266
./aves/archaeopteryx/arch 2.jpg,eb8d9462669cc9e1
./aves/archaeopteryx/arch 3.jpg,fa20c65ec38e3ca5
./aves/archaeopteryx/arch 1.jpg,fa35941bb1c787c0
./aves/titanis/tit 9.jpg,d4933335275ec594
./aves/titanis/tit 8.jpg,ae1c9e876173d8a4
./aves/titanis/tit 5.jpg,c5c41a179e5e5c9c
./aves/titanis/tit 4.jpg,ba6ac5c5a5971a1a
./aves/titanis/tit 6.jpg,e217bd14d968d439
./aves/titanis/tit 7.jpg,ea15816a17c13bbe
./aves/titanis/tit 3.jpg,c9f1da210f27e11e
./aves/titanis/tit 2.jpg,f7209c6c720f4e35
./aves/titanis/tit 1.jpg,85957a5a3ba5c4d2
./plantae/calamites/cala 2.jpg,c0bf9f828a8b8d8e
./plantae/calamites/cala 3.jpg,fe9fc6f0c8668144
./plantae/calamites/cala 1.jpg,adc0a5c79e34cd32
./plantae/calamites/cala 4.jpg,aa8a3b85bb95b095
./plantae/calamites/cala 5.jpg,fa2a8155957d8a6a
./plantae/metasequoia/meta 2.jpg,80bccf67916c3699
./plantae/metasequoia/meta 3.jpg,d456d2ca2a39752b
./plantae/metasequoia/meta 1.jpg,ff91c867303af0c8
./plantae/metasequoia/meta 4.jpg,81f0ff63b05aad14
./plantae/metasequoia/meta 5.jpg,feffe0c060008fc7
./plantae/metasequoia/meta 7.jpg,b6c7c1d2cec81e1c
./plantae/metasequoia/meta 6.jpg,d59a4ae132d96395
./plantae/glossopteris/glos.jpg,cc5287011bbe3f36
./plantae/glossopteris/glos 4.jpg,d2ff0dce2011ecc6
./plantae/glossopteris/glos 5.jpg,db12ea78c0579d26
./plantae/glossopteris/glos 1.jpg,dac62d6c316b6c31
./plantae/glossopteris/glos 2.jpg,ba9d89c776864331
./plantae/glossopteris/glos 3.jpg,ff40f540ca07cb0f
./plantae/pecopteris/peco 3.jpg,aac195c7903ee54b
./plantae/pecopteris/peco 2.jpg,c44a0aaf3fb5b512
./plantae/pecopteris/peco 1.jpg,c4783e05b90db772
./plantae/pecopteris/peco 5.jpg,ec91d11bd23e186d
./plantae/pecopteris/peco 4.jpg,afb19552ca7bc04c
./plantae/pecopteris/peco 6.jpg,d5955a5225db264b
./plantae/pecopteris/peco 7.jpg,80df9555559bca49
./plantae/pecopteris/peco 8.jpg,808447952fdf358f
./plantae/ginkgo/gink 1.jpg,e832b5cdd2c3d2d0
./plantae/ginkgo/gink 3.jpg,cb54945b342dc7d1
./plantae/ginkgo/gink 2.jpg,ee538a6b8a2ac52b
./plantae/ginkgo/gink 6.jpg,c0e3199d391b353d
./plantae/ginkgo/gink 5.jpg,eb65c14a9ed91495
./plantae/ginkgo/gink 4.jpg,d0b5cbdf30788233
./plantae/annularia/ann 6.jpg,a8cae2dce6f4c1a1
./plantae/annularia/ann 7.jpg,d594569e93b218d5
./plantae/annularia/ann 5.jpg,90ce03626f316f3d
./plantae/annularia/ann 4.jpg,85495e8e785c69bc
./plantae/annularia/ann 1.jpg,af8c85e5c24bcb4c
./plantae/annularia/ann 3.jpg,a848bf5ea5e58551
./plantae/annularia/ann 2.jpg,ffc0640b4592c7d6
./plantae/platanus/plat 5.jpg,d0cc9937cde33898
./plantae/platanus/plat 4.jpg,a2de83710fc23ccd
./plantae/platanus/plat 6.jpg,f5ca9a338d711c1c
./plantae/platanus/plat 7.jpg,b582951755153d4f
./plantae/platanus/plat 3.jpg,d469ca6d6da5a48c
./plantae/platanus/plat 2.jpg,a993d27294c97996
./plantae/platanus/plat 1.jpg,a4a393637271b47a
./plantae/platanus/plat 10.jpg,faaa16370721392f
./plantae/platanus/plat 9.jpg,950b157e7565450f
./plantae/platanus/plat 8.jpg,b557cab3408e1ec6
./plantae/lepidodendron/lep 3.jpg,bef8b481905fcac8
./plantae/lepidodendron/lep 2.jpg,d5c0d0774abb689a
./plantae/lepidodendron/lep 1.jpg,b33c3c29d6b1c392
./plantae/lepidodendron/lep 5.jpg,ffc06b1760694b8a
./plantae/lepidodendron/lep 4.jpg,951e1bb068d36b47
./plantae/lepidodendron/lep 6.jpg,8791dcc2d8edcd84
./plantae/lepidodendron/lep 9.jpg,e2a2fa82e8d5a4ab
./plantae/lepidodendron/lep 8.jpg,ea5a81a99ee5980f
./plantae/acer/acer 4.jpg,c5911a0e366d1eed
./plantae/acer/acer 5.jpg,d554da6aa5526b19
./plantae/acer/acer 7.jpg,825177b153a7b44d
./plantae/acer/acer 6.jpg,857a7a212dc665cb
./plantae/acer/acer 2.jpg,b6bccbc1ccc03e0e
./plantae/acer/acer 3.jpg,a1e99a922c6ce3e3
./plantae/acer/acer 1.jpg,cb923c5930cd6367
./plantae/acer/acer 10.jpg,f391f001cd55ad66
./plantae/acer/acer 8.jpg,d5810aef4a3e3e62
./plantae/acer/acer 9.jpg,bfcf485851664e49
./plantae/populus/pop 2.jpg,c0b5cab6cda66c86
./plantae/populus/pop 3.jpg,f3aacda1c2854aad
./plantae/populus/pop 1.jpg,b0a6d6c64a4e0bbe
./plantae/populus/pop 4.jpg,8403003f47be5ff6
./plantae/populus/pop 5.jpg,c1cb15b852754b75
./plantae/populus/pop 7.jpg,d0ed5a5d0b6a29a5
./plantae/populus/pop 6.jpg,b422df83e0cde932
./plantae/psaronius/ps 5.jpg,fb66e84781cec688
./plantae/psaronius/ps 4.jpg,eae5e5859a1a9919
./plantae/psaronius/ps 3.jpg,feaf21fc05a801bc
./plantae/psaronius/ps 2.jpg,be27b07c95f4d280
./plantae/psaronius/ps 1.jpg,fa04e1ec87049f5e
./porifera/hydnoceras/hydno 3.jpg,8a54f94ab12fc47c
./porifera/hydnoceras/hydno 1.jpg,aab5f012c35b8f68
./porifera/hydnoceras/hydno 5.JPG,88f0d509e09be56f
./porifera/hydnoceras/hydno 4.jpg,93566d295aa9665a
./porifera/hydnoceras/hydno2.jpg,fb94a042d56ac63d
./porifera/astraeospongia/astro 4.PNG,c5bf50d515754549
./porifera/astraeospongia/astro 5.PNG,fa8c376edbe01818
./porifera/astraeospongia/astro 2.PNG,9d2a55ac70af00bf
./porifera/astraeospongia/astro 3.PNG,d503023f1a7f2a3d
./porifera/astraeospongia/Capture.PNG,d0f94ac20f0b2db7
./synapsida/mammuthus primigenius/mammuthus 7.jpg,c0bd69ca7048717f
./synapsida/mammuthus primigenius/mammuthus 6.jpg,ebe0a544941f9e39
./synapsida/mammuthus primigenius/mammuthus 4.jpg,f238b19195de4e64
./synapsida/mammuthus primigenius/mammuthus 5.jpg,ee3ec5e09685819e
./synapsida/mammuthus primigenius/mammuthus 1.jpg,e8b597da69156864
./synapsida/mammuthus primigenius/mammuthus 2.jpg,95993a726be46926
./synapsida/mammuthus primigenius/mammuthus 3.jpg,c2a831c5d7cf4ec8
./synapsida/dimetrodon/dim 2.jpg,995868a79e58a597
./synapsida/dimetrodon/dim 1.jpg,b6b1c90f1ed86c2c
./synapsida/dimetrodon/dim 5.jpg,c44c3b3b61c1336f
./synapsida/dimetrodon/dim 4.jpg,c81b3de0cb3df0c2
./synapsida/dimetrodon/dim 6.jpg,df70025ff14cb348
./synapsida/dimetrodon/dim 7.jpg,aa0d95f6c03a9bc3
./synapsida/dimetrodon/din 3.jpg,d11b24c63a3dcee1
./synapsida/mesohippus/meso 8.jpg,c1742c4bcbe4b45b
./synapsida/mesohippus/meso 4.jpg,c96cac21236d4f4f
./synapsida/mesohippus/meso 5.jpg,94372be062cb2fcc
./synapsida/mesohippus/meso 7.jpg,f0601d0af0f8cf73
./synapsida/mesohippus/meso 6.jpg,c0dc4f692d956f03
./synapsida/mesohippus/meso 2.jpg,ee5ad3c8a4253d34
./synapsida/mesohippus/meso 3.jpg,8cd072632f0f0f8f
./synapsida/mesohippus/meso 1.jpg,e92d969cd1f0a0da
./synapsida/smilodon/smilo 1.jpg,e5219e5b33895972
./synapsida/smilodon/smilo 3.jpg,b9a706dcd0d8d835
./synapsida/smilodon/smilo 2.jpg,c04147b33dcecb5c
./synapsida/smilodon/smilo 6.jpg,bbb0c74eb461626c
./synapsida/smilodon/smilo 7.jpg,ba2be4d43e678131
./synapsida/smilodon/smilo 5.jpg,ac1c97466ef3d190
./synapsida/smilodon/smilo 4.jpg,b6298de090e6d8cf
./synapsida/megacerops/mega 3.jpg,95b4f01aefc912b4
./synapsida/megacerops/mega 2.jpg,d90da530dc3fb138
./synapsida/megacerops/mega 1.jpg,f6c1a4b03abfc0aa
./synapsida/megacerops/mega 5.jpg,95352fcc4aca724b
./synapsida/megacerops/mega 4.jpg,d7c26a6db44a5692
./synapsida/megacerops/mega 6.jpg,81e49bcbe582da95
./synapsida/homo sapiens/h.s 2.jpg,eb8dd9b584e29207
./synapsida/homo sapiens/h.s 3.jpg,d9cf6138667131c6
./synapsida/homo sapiens/h.s 1.jpg,c0b02b6b3c2c3df3
./synapsida/homo sapiens/h.s 4.jpg,bc92c5cc323a33cd
./synapsida/homo sapiens/h.s 5.jpg,e3c69ccd98316d32
./synapsida/homo sapiens/h.s 6.jpg,b9d4d6636968a689
./synapsida/equus/eq 4.jpg,953f6ac01635e50f
./synapsida/equus/eq 5.jpg,b6eed9c01c1e0c3e
./synapsida/equus/eq 7.jpg,fac0953cd03bc31d
./synapsida/equus/eq 6.jpg,a9c6c13cd960547f
./synapsida/equus/eq 2.jpg,8dd070680f0f9f97
./synapsida/equus/eq 3.jpg,868d199ec7075763
./synapsida/equus/eq 1.jpg,ee1b9d9c6ae0e0a1
./synapsida/equus/eq 8.jpg,c89b32640ff2276e
./synapsida/lystrosaurus/lyst 7.jpg,b431c30dcfe68ec4
./synapsida/lystrosaurus/lyst 6.jpg,87b9746d5266c532
./synapsida/lystrosaurus/lyst 4.jpg,8e0db1d2412fcfb4
./synapsida/lystrosaurus/lyst 5.jpg,c19d3e72e14f4c29
./synapsida/lystrosaurus/lyst 1.jpg,ba0c83d4fccbd690
./synapsida/lystrosaurus/lyst 2.jpg,ad93d570ca8d6469
./synapsida/lystrosaurus/lyst 3.jpg,de17b1d0c0ce872d
./synapsida/homo erectus/h.e 9.jpg,e3929c675b8d9292
./synapsida/homo erectus/h.e 8.jpg,c09f3e62387027f3
./synapsida/homo erectus/h.e 5.jpg,9ab36d4d31646633
./synapsida/homo erectus/h.e 4.jpg,a9cb93c496ce0379
./synapsida/homo erectus/h.e 6.jpg,eb3ec4b185d2d24c
./synapsida/homo erectus/h.e 7.jpg,f0a40d5f4f0f46b1
./synapsida/homo erectus/h.e 3.jpg,c7183c673326cbd1
./synapsida/homo erectus/h.e 2.jpg,c3d819773cd01c1f
./synapsida/homo erectus/h.e 1.jpg,a29da1b166d6c993
./synapsida/mammut/mammut 6.jpg,bbc6913e845986b9
./synapsida/mammut/mammut 7.jpg,fa4e91f8c6b18c07
./synapsida/mammut/mammut 5.jpg,fa4f95b0c690c593
./synapsida/mammut/mammut 4.jpg,cdfab3044b6b8433
./synapsida/mammut/mammut 1.jpg,c0c31b3f3d34b474
./synapsida/mammut/mammut 3.jpg,f26849868f859fe1
./synapsida/mammut/mammut 2.jpg,b5b2c2ffcc462425
./synapsida/homo neanderthalensis/h.n 4.jpg,a85a970f766c3961
./synapsida/homo neanderthalensis/h.n 5.jpg,ce9839c9386327cd
./synapsida/homo neanderthalensis/h.n 7.jpg,bdc1c237c72cb258
./synapsida/homo neanderthalensis/h.n 6.jpg,dfd77848253530ca
./synapsida/homo neanderthalensis/h.n 2.jpg,d0c82f3f6c34b172
./synapsida/homo neanderthalensis/h.n 3.jpg,af2954f7f2024d4c
./synapsida/homo neanderthalensis/h.n 1.jpg,c39f3039f137610e
./synapsida/australopithecus/aus 8.jpg,95196ae34c6d319e
./synapsida/australopithecus/aus 6.jpg,cb983c6d30661dd9
./synapsida/australopithecus/aus 7.jpg,cb182c67336659cb
./synapsida/australopithecus/aus 5.jpg,969e4f966a694949
./synapsida/australopithecus/aus 4.jpg,9a39656692ce19cb
./synapsida/australopithecus/aus 1.jpg,9d4778bd8e407383
./synapsida/australopithecus/aus 3.jpg,d00bed79b2246e72
./synapsida/australopithecus/aus 2.jpg,cf98386333669ccc
./synapsida/basilosaurus/bas 8.jpg,aef89c8483dbc946
./synapsida/basilosaurus/bas 9.jpg,9c24649b39ec669b
./synapsida/basilosaurus/bas 4.jpg,e6cdc9e2960d8ac6
./synapsida/basilosaurus/bas 5.jpg,c500b43f936fc336
./synapsida/basilosaurus/bas 7.jpg,c0b53d69d8c2663d
./synapsida/basilosaurus/bas 6.jpg,fd3c896233956662
./synapsida/basilosaurus/bas 2.jpg,dcc8d83ef02037e3
./synapsida/basilosaurus/bas 3.jpg,d08fd9d6628942ee
./synapsida/basilosaurus/bas 1.jpg,959b407019cf37f1
./arthopoda/crustacea/crusty 5.jpg,ada8f654c81bd2aa
./arthopoda/crustacea/crusty 4.jpg,aca9879612f31aec
./arthopoda/crustacea/crusty 1.jpg,a53692cb6d345a9c
./arthopoda/crustacea/crusty 3.jpg,82fa89c8354be5ea
./arthopoda/crustacea/crusty 2.jpg,f662999946e60e39
./arthopoda/calymene/caly 3.jpg,c1cb2fb5321b6139
./arthopoda/calymene/caly 2.jpg,e5bd9a86da8999a0
./arthopoda/calymene/caly 1.jpg,fa84e05fc5388f61
./arthopoda/calymene/caly.jpg,876a789595daca68
./arthopoda/calymene/caly 5.jpg,859f6a603b6a78b1
./arthopoda/calymene/caly 4.jpg,9fc6613067c7cc19
./arthopoda/calymene/caly 6.jpg,cdd3381f3560f286
./arthopoda/insecta/insecta 3.jpg,e6591c86fb4cb01e
./arthopoda/insecta/insecta 2.jpg,e9b29a4d37b34894
./arthopoda/insecta/insecta 1.jpg,bb2c94c3cb61f01b
./arthopoda/insecta/insecta 5.jpg,e4b69a8d66b2096d
./arthopoda/insecta/insecta 4.jpg,f6f0ccccf2323189
./arthopoda/eurypterida/eurypt 5.jpg,eaf6809881fe80f7
./arthopoda/eurypterida/eurypt 4.jpg,eb0f9560388ee791
./arthopoda/eurypterida/eurypt 3.jpg,ff8bc08fc34ac780
./arthopoda/eurypterida/eurypt 2.jpg,b3700cc7859df05e
./arthopoda/eurypterida/eurypt 1.jpg,a97ad985662447e6
./arthopoda/isotelus/iso 7.jpg,aab795c0d2c9698d
./arthopoda/isotelus/iso 6.jpg,aeda85a5f2815e94
./arthopoda/isotelus/iso 4.jpg,b070cb938b93279d
./arthopoda/isotelus/iso 5.jpg,ae853868b52ed275
./arthopoda/isotelus/iso 1.jpg,ea04c18f0f1f2f5a
./arthopoda/isotelus/iso 2.jpg,aa95f07a89798c66
./arthopoda/isotelus/iso 3.jpg,fcae041d545f5a70
./arthopoda/cryptolithus/crypto 7.jpg,85872fd0780ff86a
./arthopoda/cryptolithus/crypto 6.jpg,dbd34a660b99942d
./arthopoda/cryptolithus/crypto 4.jpg,bdee4f892658704a
./arthopoda/cryptolithus/crypto 5.jpg,d50a8b357c6272b3
./arthopoda/cryptolithus/crypto 1.jpg,d178e7870ca25a3e
./arthopoda/cryptolithus/crypto 2.jpg,b63ac9c16cce1936
./arthopoda/eldredgeops/dredge 4.jpg,cf017e3f4c31b831
./arthopoda/eldredgeops/dredge 5.jpg,b00785039e0fcf3f
./arthopoda/eldredgeops/dredge 7.jpg,d68339290237df96
./arthopoda/eldredgeops/dredge 6.jpg,b7ff7462311c4cc0
./arthopoda/eldredgeops/dredge 2.jpg,c00f3b3c7015e3cf
./arthopoda/eldredgeops/dredge 3.jpg,bd9ec15845355633
./arthopoda/eldredgeops/dredge 1.jpg,bb34c04bc7688f65
./arthopoda/elrathia/el 2.png,e2d69d9512906e6b
./arthopoda/elrathia/el 3.jpg,fa95e419c3608e67
./arthopoda/elrathia/el 1.jpg,a60eb18e8ee1d94e
./arthopoda/elrathia/el 4.jpg,95d126c33c3a78d3
./arthopoda/elrathia/el 5.jpg,af1595b7d0d2c05a
./arthopoda/elrathia/el 6.jpg,d1b54b46197c137c
