./other/petrified wood/petwo 1.jpg,5e8bb2fcc0fdb267c62019c5408db4feff736831
./other/petrified wood/petwo 2.jpg,f296df080f9634f6e4ff2b59adea729f6026b504
./other/petrified wood/petwo 3.jpg,703b6de3ec411164fc52b83a47ed158413c7b241
./other/petrified wood/petwo 4.JPG,e0f68a7d4d56178cf66f24c82166733b8086c911
./other/amber/amber 3.jpg,a49130a54f3f9bc62863c440ee9ae91158c2b687
./other/amber/amber 2.jpg,e79acef31cc2c9e8bc3cf9fa43e94c9273e6997a
./other/amber/amber 4.jpg,755cecf100ccdc3b81b6120e87cb0096348510db
./other/stromatolite/stroma 4.jpg,9cd60a1d7d72465a7033a78673c71e1a0b5caf97
./other/stromatolite/stroma 2.jpg,22300488f82aeaae1eaea4ada7b12f81648c0eef
./other/stromatolite/stroma 3.jpg,ae25df568cb02c58672678cd1bfaa65c380cfd6f
./other/stromatolite/stroma 6.jpg,18b6f243ff340f28e8a6e09e0112652f70c1e5be
./other/stromatolite/stroma 1.jpg,c71fd93baefcf3f334ec54edafe88506db4da53e
./other/coprolite/copro 3.jpg,d91294a18e79a8fa44d2e1ea8e8e2a1a60908b64
./other/coprolite/copro 5.jpg,f6dbc2537c0941b00aeaa524646980b7f6a89d40
./other/coprolite/copro 4.jpg,fdd7347222e88d98d8e0296134c611bcc00fd438
./other/coprolite/copro 2.jpg,cde8374677625ebc9093d7169eca963ca313c82d
./synapsida/dimetrodon/dim 4.jpg,266b3b0fab6047900c99da57148dab3fc28c176c
./synapsida/dimetrodon/din 3.jpg,1ab3b0f14d1fddc9683c9c34bb44a197d2ee7aa8
./synapsida/dimetrodon/dim 7.jpg,edc78b863c081e7b5ed5bac423a2463b0431f7ba
./synapsida/dimetrodon/dim 5.jpg,ea65cc6cdac5839eaf50ed115743f2247b9d8b98
./synapsida/dimetrodon/dim 2.jpg,92e98069296eccc662bf72df9428b1fe4d3175d8
./synapsida/dimetrodon/dim 1.jpg,8c0bf7735f870cc7c17ea02817829181cbb077bd
./synapsida/dimetrodon/dim 6.jpg,7bb926676af3e0bb05035132f9abc6b4f5371739
./synapsida/homo sapiens/h.s 2.jpg,94b0d8eb6ec069aefff394870af48e63a4e98360
./synapsida/homo sapiens/h.s 6.jpg,f404060341f63bbc48422475e69db3a15835b443
./synapsida/homo sapiens/h.s 4.jpg,0317581d16a8cd1eb9a2d5355e8756c50a91fb7f
./synapsida/homo sapiens/h.s 3.jpg,cdf5cef0ae49cb3f0335f29f86819d9779578458
./synapsida/homo sapiens/h.s 5.jpg,977d3e742b6126c566777e325a1bc4ab21fa283e
./synapsida/homo sapiens/h.s 1.jpg,9571abd9a690dbe0860a489b3b3c3870c7d1160a
./synapsida/mammut/mammut 5.jpg,6ea5d1ef19e84337c28713b39f762a27f8bbc225
./synapsida/mammut/mammut 3.jpg,4965bab91f6b07ddeae85f5951c5ecbd5548f130
./synapsida/mammut/mammut 2.jpg,f1a7013211690c358ce3803dd073ae50bfe4e93f
./synapsida/mammut/mammut 4.jpg,d3a45499b68149367814396232c4fa6e56231d78
./synapsida/mammut/mammut 1.jpg,a736953b6b383b50b6f51b064378c9e6bc69b52e
./synapsida/mammut/mammut 7.jpg,db22d31676b03586ae4b3a48b9ae59f6931d81a4
./synapsida/mammut/mammut 6.jpg,4b76dd0b7b76c54fed89454a05188de0b14c57ba
./synapsida/mammuthus primigenius/mammuthus 1.jpg,ed4d7d50827e8a93fda75764f1ddd00d01c3cce4
./synapsida/mammuthus primigenius/mammuthus 5.jpg,7c642ba76370019e642bd251d5f0df854585dc94
./synapsida/mammuthus primigenius/mammuthus 3.jpg,01e03d754528918383428d7f1e9833c55ab93436
./synapsida/mammuthus primigenius/mammuthus 6.jpg,96afa646150c10ef01e3b33e40f4883bcbe740e0
./synapsida/mammuthus primigenius/mammuthus 4.jpg,fa998966f8122a3797b7c494c91c2e3409f736ba
./synapsida/mammuthus primigenius/mammuthus 2.jpg,4cbe2da340bfb946b0503db76d71487e390129d2
./synapsida/mammuthus primigenius/mammuthus 7.jpg,2929ab6d1118309ae02f93bbae675630be9ccb5d
./synapsida/equus/eq 8.jpg,e1bf6bb510d2237c73001cd62360a0e01177e16a
./synapsida/equus/eq 2.jpg,a1297df52abf94164a5a6a52a69276efa0103173
./synapsida/equus/eq 6.jpg,43d0131b6557c976a4d9facc39427ae4bc7abde7
./synapsida/equus/eq 5.jpg,73ba9880e2d65afcb64f9f67a80fc11006c78934
./synapsida/equus/eq 4.jpg,1c5cf6a241a5788f7cb0e55f7cde1249dded04d2
./synapsida/equus/eq 7.jpg,0c1a51fdd534742edea911aee559197d0219d521
./synapsida/equus/eq 1.jpg,b4e6c8bb4588fe875e371f4a8b4b8242bd019144
./synapsida/equus/eq 3.jpg,f0c6e25e86d47585c8dd8674de6765a7ee5bddb2
./synapsida/megacerops/mega 1.jpg,f3eac5751b0d79666a9986a373d32f996a49004f
./synapsida/megacerops/mega 6.jpg,5ec31391d177948c3b20ac287618c9358e0e9763
./synapsida/megacerops/mega 4.jpg,b571bf752d67e63e91bd0113e40b9edb2e074871
./synapsida/megacerops/mega 2.jpg,a06c510fb70cd137aa313fc09b1f2974a443e51d
./synapsida/megacerops/mega 3.jpg,1ca30388bca068e9f681ad63c20030d7f183a590
./synapsida/megacerops/mega 5.jpg,da72d2155bf482bdc60f1304a7f022101232873d
./synapsida/australopithecus/aus 2.jpg,7ba9dacd61b29043b2ac9502ee4d4b1ebc5ebca5
./synapsida/australopithecus/aus 8.jpg,9362a8c058e81a766d54be86a0fbff80846aaa5f
./synapsida/australopithecus/aus 7.jpg,8f43dae7229909c43d160ca4f461a4bab7b2442f
./synapsida/australopithecus/aus 1.jpg,c3cfa10a4496da34868c8925a74d4c57b80ed519
./synapsida/australopithecus/aus 5.jpg,a42f7764866da2f34ab700e6b0de3ee7d0f3fd11
./synapsida/australopithecus/aus 6.jpg,8c4d1bbe625b17203161bf261eda57a75bda0ba8
./synapsida/australopithecus/aus 3.jpg,be3730cff097ffc66bcfae1e2bc3714f894559f4
./synapsida/australopithecus/aus 4.jpg,68a2a7d99b70e4aba49a902cec2e5efc91257dc5
./synapsida/lystrosaurus/lyst 5.jpg,8e3c947e3bc2d7a0c7a6bfbf36027b91622f6e09
./synapsida/lystrosaurus/lyst 3.jpg,c6635f22a5621e864cbd2bff23e8e7597b51f575
./synapsida/lystrosaurus/lyst 1.jpg,102d98a5acccb61d080a7c53cbdc973507d4778b
./synapsida/lystrosaurus/lyst 2.jpg,76edeadbe227431ac21584d205baa93246eaf1f4
./synapsida/lystrosaurus/lyst 7.jpg,9353f60c9d67a5a986a60d1ebeb6d577816eef9f
./synapsida/lystrosaurus/lyst 4.jpg,e8ed23663af3600cc8c9426179c1f811f2ee4884
./synapsida/lystrosaurus/lyst 6.jpg,b5638aa978244d9ea3d3b93b9600f8fb293d7e1f
./synapsida/mesohippus/meso 4.jpg,526e5af33e3bb3697baa8cba0edeb41d8f17f33b
./synapsida/mesohippus/meso 1.jpg,526c42c447ae4ae4c0971b2c99176ff5a9a30a95
./synapsida/mesohippus/meso 7.jpg,b195b998a9b457912aba5c5c46195f3f96a31596
./synapsida/mesohippus/meso 6.jpg,cfa778f15bb35a62252fa75e7c62c569c43a8649
./synapsida/mesohippus/meso 3.jpg,b22d6f4f031b7f9d3107e186d10a20ac52b6342d
./synapsida/mesohippus/meso 5.jpg,35f6405ad562a9de4542f188324d2e9f17a7c1cb
./synapsida/mesohippus/meso 8.jpg,a5d8d84b2759e2fa1da98d68db8558da01b646fd
./synapsida/mesohippus/meso 2.jpg,b6a11b1efabd125652cae96e4ef2a8b56ce26cc5
./synapsida/basilosaurus/bas 3.jpg,34683c82ef0e49dd274839fb62e1b1fda42582f6
./synapsida/basilosaurus/bas 9.jpg,72655b197d0d55795055e81a426c4ab6e139e7f1
./synapsida/basilosaurus/bas 6.jpg,1d01cbe383f382be97cb02b142cc415caefdf21d
./synapsida/basilosaurus/bas 4.jpg,becc7998ca697c94055f7d8a66e21fde9fd09ef2
./synapsida/basilosaurus/bas 1.jpg,a1a60070b6e70f081cba75bb267b2c75ee123d75
./synapsida/basilosaurus/bas 5.jpg,5dc86e552223143f88072dfe5fc5b207e4780194
./synapsida/basilosaurus/bas 7.jpg,af556d99d524568e21b37c7957980cfe8c1accef
./synapsida/basilosaurus/bas 2.jpg,5d86f9a5fbbd25fb7511465aaba3e3e5652d625a
./synapsida/basilosaurus/bas 8.jpg,f824ba8613daf50da655c4e526f0be2a16fb312a
./synapsida/smilodon/smilo 1.jpg,ab77b7fe0e05589b6fdb0671647cc612eb950991
./synapsida/smilodon/smilo 3.jpg,cf17db01aa426902e19ccd0b3b3ab25566b134f9
./synapsida/smilodon/smilo 4.jpg,dd7a3eb631b831d22764dce7c617f47bd36c7e89
./synapsida/smilodon/smilo 5.jpg,bde02a3066c4e67e12dce807b6bc28303b9106e8
./synapsida/smilodon/smilo 6.jpg,29c5532f4d4b11771b66a189047eb96730109081
./synapsida/smilodon/smilo 2.jpg,551a66a938e2086ed7ef2a12b78332ac3ce2e449
./synapsida/smilodon/smilo 7.jpg,4178875171178cb85082fa26f191c22b4531c9fb
./synapsida/homo neanderthalensis/h.n 6.jpg,99c95120f232e40471990080c43f1590632b9abf
./synapsida/homo neanderthalensis/h.n 7.jpg,3c032c1cb2f8df6378c1bda03b9e852aa7a9c849
./synapsida/homo neanderthalensis/h.n 4.jpg,c5aa7b32084dc685eac5f2841a180aa09d88f3bf
./synapsida/homo neanderthalensis/h.n 3.jpg,fafe832b7e57c98b94e8023827a0be11925e1014
./synapsida/homo neanderthalensis/h.n 5.jpg,7af76cad4af6b6e7408c1381f0c21cb094d74cb0
./synapsida/homo neanderthalensis/h.n 2.jpg,ba95b769ac1091f5ffd4d9861e5e5c3ff2709d75
./synapsida/homo neanderthalensis/h.n 1.jpg,a4ffe86d32a3eb5f97e577ef4e5c1ed5d5e6ba10
./synapsida/homo erectus/h.e 1.jpg,779d4bc3cbda26ff1fc7a91819e3c274920be3da
./synapsida/homo erectus/h.e 3.jpg,5bbd669699084d65067a626bf4fee7229d040ba0
./synapsida/homo erectus/h.e 8.jpg,20810bc95c43bcc9aefe03d5a8246fd85605e7eb
./synapsida/homo erectus/h.e 2.jpg,d03f72c6d02038da2139fbd1b81bbd3d68b80212
./synapsida/homo erectus/h.e 9.jpg,72bc8722fe0459340ddc1836e1f1e83bd38e1e23
./synapsida/homo erectus/h.e 7.jpg,c76a7114859e9b192266d6dc997300ca55835ef2
./synapsida/homo erectus/h.e 4.jpg,725e0f32809405a5884b21ee7ab65bfb1f429120
./synapsida/homo erectus/h.e 6.jpg,be980a365c449eae43286e41eaa53cb2036738c3
./synapsida/homo erectus/h.e 5.jpg,50b61a4b9d80d914587967585b24652a8c975eba
./fish/xiphactinus/xi 2.jpg,fd88983bfb39049debdc0fe031608d7dde9826fe
./fish/xiphactinus/xi 6.jpg,f11eda9630f8233ab12316b8542980cdd45abfaa
./fish/xiphactinus/xi 1.jpg,061abc5875c3689b94b485d35467ca3a7d906f63
./fish/xiphactinus/xi 5.jpg,882033a33f2e38e37b3ba5359ea873ef091e3b59
./fish/xiphactinus/xi 4.jpg,48cb8688cc526215b13799c905b63df3caea797b
./fish/xiphactinus/xi 3.jpg,bb199f3ed67b97c4ca43324a55a69c2777f860be
./fish/xiphactinus/xi 7.jpg,a95a3f08dde596da0e7371a431a98603b98768cd
./fish/dunkleosteus/dunk 4.jpg,6e9b72c08b4a6b70a09343845211b01c8ca6afbd
./fish/dunkleosteus/dunk 5.jpg,91c3e10afbb8545ee5a06b3ebd6039b6e1530273
./fish/dunkleosteus/dunk 8.jpg,efd4fe9045331e7f00746afd661003d8ab1db979
./fish/dunkleosteus/dunk 7.jpg,c5ca70038f02d129d4f38cb42f2f3ee6520f2193
./fish/dunkleosteus/dunk 1.jpg,9c7751d7b1512fc9b9433c3c432157aaa14ca716
./fish/dunkleosteus/dunk 6.jpg,c755552bbca86d932da2d2fe6d3843da04a904cf
./fish/dunkleosteus/dunk 2.jpg,bcac2ecc9b033049103b279d1d19454e724f56a0
./fish/dunkleosteus/dunk 3.jpg,83e5ad5393076a6fd1f0b124c70ae7cdffeabb4f
./fish/otodus/oto 4.jpg,f22e69369f8e07140f3cd623fbbb17a6b9d51f18
./fish/otodus/oto 5.jpg,df87db9821cffbed5d95ec8daedf70334d4775a3
./fish/otodus/oto 6.jpg,c5a965b9f9438dffe5f661d82e7749dcbfda9852
./fish/otodus/oto 2.jpg,c96417c028dcbac2d8d47a5415b69f18ec42cc44
./fish/otodus/oto 1.jpg,f00e9839339b95190ebe8143e712b57c0395e546
./fish/otodus/oto 3.jpg,5f8a7f618358dd63995cfb1f9669ba481476e018
./fish/bothriolepis/both 5.jpg,9d559458bc9da239b7ff4541ff8871ad50010ff3
./fish/bothriolepis/both 2.jpg,3efcc054d46099483b1070aaff6ae396902e8e44
./fish/bothriolepis/both 7.jpg,a1cf170763733bc0d944b9ab577b8d4f7f14b0d6
./fish/bothriolepis/both 1.jpg,20179096c5d6b3ea5562665522267dc76bf8431b
./fish/bothriolepis/both 3.jpg,7fc086ba48f1431466649ee05247303428cebe8e
./fish/bothriolepis/both 6.jpg,a5c0512f8d95dfaabed572acb072ac08c81d8561
./fish/bothriolepis/both 4.jpg,3d9d8a9152ad81249c6c717fc5743aa8ffcaf270
./fish/latimeria/lati 3.jpg,e6b353b5839cf263e6c5252e03fb12bbec39778a
./fish/latimeria/lati 4.jpg,d550b3ed1c49cd1e85cb573cedec787d240d0083
./fish/latimeria/lati 2.jpg,9eff6416c81d4cef668e8e007dad5b548b74a594
./fish/latimeria/lati 6.jpg,df73789fb5b1729ae661acb048ced89c603d55d7
./fish/latimeria/lati 1.jpg,083d0c8a32fbc75e051602ab179bf3434a1fd148
./fish/latimeria/lati 5.jpg,9831c2d3154fed7f5c86ed0e6f387fa10cb88e51
./fish/batoidea/bato 6.jpg,63874bedcb40eb8aa1bab1de3be9a1fcd0c00500
./fish/batoidea/bato 5.jpg,21a0da64073f705b9d813746dc98583fda7ec023
./fish/batoidea/bato 3.jpg,6a4b75f77849041ec9b27f916425bd94bf473ac7
./fish/batoidea/bato 2.jpg,2d5a3f48a0ea910731c12764c8a5b95bab897e60
./fish/batoidea/bato 4.jpg,f39316ea413f0f8a10bad929c57c920de8e19c93
./fish/batoidea/bato 1.jpg,c80b1e44b522970cb5fd5f4f570c8c58951c87f8
./fish/tiktaalik/tik 6.jpg,a267f85e2070700ff344792fad703bee4ac53e94
./fish/tiktaalik/tik 2.jpg,2ca67cae68bb19927ce8afb7712bb549e548ea7a
./fish/tiktaalik/tik 4.jpg,5f6ed8bc520fa12b3963528ac84bdef3dce73051
./fish/tiktaalik/tik 1.jpg,82ba34f0b08412b4bda4e37dfe38c64a83b78b39
./fish/tiktaalik/tik 7.jpg,bb40a28b66a49da970cc7ec13e314dc4ea36f0d3
./fish/tiktaalik/tik 3.jpg,5e569c5314a1523603f2a3c69c30fc9088a7f1d6
./fish/knightia/knightia 4.jpg,d681b39bd5a69c854c3890fbe4e9c7e314ad4c83
./fish/knightia/knightia 3.jpg,aabba6d8844d970aff9fb867626a4a86e8d8e1d9
./fish/knightia/knightia 6.jpg,95b220a3bc56a179219556df3890b0827bdf1d7a
./fish/knightia/knightia 5.jpg,9510306f8517390d792c97675be00390a8ffe2ff
./fish/knightia/knightia 1.jpg,12d72cff3e039761e33b927e1995ca347df3de0e
./fish/knightia/knightia 7.jpg,95638b06417bf612b7125b162d5bd041eca26cb7
./fish/knightia/knightia 2.jpg,0106cae1a93a3fe32f2a1402ccfaab113fef7a2e
./fish/knightia/knightia 8.jpg,8d2a31b52cbf2fd12dd268a96b414129edda03e3
./fish/carcharocles megalodon/mega 1.jpg,401f9b7e9076cc588b75701a236ff088a01e17e9
./fish/carcharocles megalodon/mega 4.jpg,ef8ae36f8cd552e010b44aad20ef966f5d4e4a38
./fish/carcharocles megalodon/mega 2.jpg,4b0881fe9c3d541e93a0023c825bede28909309f
./fish/carcharocles megalodon/mega 3.jpg,219aae44e535846feac5daa8e779858cc5175736
./fish/carcharocles megalodon/mega 5.jpg,575d624378fa2e78150c554550c65ca07b32c8d4
./fish/agnatha/ag 2.jpg,498eb6124d2858a1c7874b7d756d91623625e576
./fish/agnatha/ag 1.jpg,951abc58bfa92df5e288c30c5b4a0eaa7e7daa6e
./fish/agnatha/ag 3.jpg,25591ca1cc50d5fa4d043eda5613e52830f5e3a6
./fish/agnatha/ag 5.jpg,a8e485c8449d81ccedac2be4b3a707b09880c3d0
./fish/agnatha/ag 4.jpg,5be179159c22d4858b5b7716b1e39f729b1cff6d
./fish/eusthenopteron/eu 1.jpg,8f80c37d54834e46dd46496c257cce42eca3bc26
./fish/eusthenopteron/eu 2.jpg,f30166b64236db9500a3dee4566363e382be3ea0
./fish/eusthenopteron/eu 6.jpg,061fa452f591bc010a2375f745e01b1e343463a9
./fish/eusthenopteron/eu 5.jpg,d1407213c9ca812d22781acb83f8eb346cb7315c
./fish/eusthenopteron/eu 3.jpg,d8aa8b79af63170a619686eb1809b3cd77f63150
./forams/fusulinida/fusu 5.PNG,fc9935cca7e9bdb1e37cae8ea752a5d789664a1e
./forams/fusulinida/fusu 4.PNG,c1576902144164ec7209f6d985e8a93ff709db0a
./forams/fusulinida/Fusulinids 1.PNG,1fca177b09b47b303839c1f460123958c4a54f33
./forams/fusulinida/fusu 3.PNG,7c080c6dd66441551f03df33e28415ed3d6ccc3a
./forams/fusulinida/fusu 2.PNG,435e8bec8e53064c17aea1fd525908a3dccfc6dc
./forams/nummulites/num 3.PNG,2dad7949e61f7c0be2282a0f19d19139c1a7d7d7
./forams/nummulites/num 1.PNG,72be28f40205d0022dd61f9fdec7a44ccc7558c9
./forams/nummulites/num 4.PNG,d10b75fbc6cb350b2905f0d26a28d5d9c0e964eb
./forams/nummulites/num 5.PNG,7a5d0d659272e91b5d13d46a2a77e62c84a153ad
./forams/nummulites/num 2.PNG,2fb7a1f5356ac556d32bdd83228afdf18356e8fb
./plantae/metasequoia/meta 2.jpg,8219c264f0115b09e51e91b46eeeb46780af1c5c
./plantae/metasequoia/meta 6.jpg,93dc8c36de83c4651c64de86fe687f5b4e425e1d
./plantae/metasequoia/meta 1.jpg,a2cb403c76498f4d1a5ec1b66ff687f9605ef002
./plantae/metasequoia/meta 4.jpg,74109c9bcec3d746eab7c93ac696d1959fa6a30b
./plantae/metasequoia/meta 3.jpg,a1200b85ffa4bbaea53a9a02de39d15c8a0e7760
./plantae/metasequoia/meta 5.jpg,f8044de9b0aae8277bdd9c915a42a056b5c4bf9f
./plantae/metasequoia/meta 7.jpg,3a8eef31fcadd50d99795b1a35837fbcdd3637fb
./plantae/glossopteris/glos.jpg,3f764944d49837db9c680273e9e3a5978d1726d0
./plantae/glossopteris/glos 4.jpg,26f66abb812ee3a71fe1205771575251bf9479a0
./plantae/glossopteris/glos 3.jpg,b8b4597db376c94dfbfe8de67c9aa92c0922e726
./plantae/glossopteris/glos 1.jpg,d397fb5e9b3676abd7c21a8a4f9f3bf136cf4c0f
./plantae/glossopteris/glos 5.jpg,26d1357839f671ff8a8d7959e519d644138cdcfc
./plantae/glossopteris/glos 2.jpg,6032a7e023eb3dff2227f67f38a5a697df9c36ad
./plantae/populus/pop 2.jpg,315bf05cf08228cd581c511569722a16eb6be364
./plantae/populus/pop 6.jpg,28d7cde6066dea4d94a016ccc707161520ea6fda
./plantae/populus/pop 4.jpg,432fe93a6d6337c5b20f55dbd1dd49ce37326718
./plantae/populus/pop 5.jpg,5b66266c320506cab50ed602f5ffa5f48a76e3fd
./plantae/populus/pop 3.jpg,fa8d6b85f1810f3741651be554327ffdff8d68fa
./plantae/populus/pop 7.jpg,583bea4bfd47a88e9a76779b09b93148aee3d16c
./plantae/populus/pop 1.jpg,9aef97c6c042d29d6047b319977c6fb99b3e2009
./plantae/platanus/plat 5.jpg,bcb1aac8ea7abc385703f6dadd24bc48a1970ec8
./plantae/platanus/plat 9.jpg,cd5abfac44b0269c7b0b7d87c2807cf660b3200d
./plantae/platanus/plat 3.jpg,d7be32b966757e3b4339f40d713c4975e3aa25d1
./plantae/platanus/plat 8.jpg,1ab0cfbd1f630832fe0b1b888867d02de576ae89
./plantae/platanus/plat 10.jpg,e201a03d97cd0ac2ca6eed067fe98e9164128b21
./plantae/platanus/plat 2.jpg,d6be4c6e6755e0584e1e49be663f73c7b9cd7f28
./plantae/platanus/plat 6.jpg,9e4d4bd73c19a186e9ad76a9625fe3339a8cf0b8
./plantae/platanus/plat 1.jpg,4709a17459e544b9445e14365198185003d6eff0
./plantae/platanus/plat 4.jpg,53da64b07e92613b63e09e90e144f2835b3f05e2
./plantae/platanus/plat 7.jpg,333e9aedb48a5088fab7487e84868a4aa04be6f9
./plantae/acer/acer 9.jpg,faa1531d5f847ed53a0526f7ef2b904ea35fec4c
./plantae/acer/acer 2.jpg,28749251a145fc3d95d264d32abff4d11b92dcf3
./plantae/acer/acer 7.jpg,94e4e716d277d72e88dead54237135d6f00253f9
./plantae/acer/acer 10.jpg,fa0c8126c219385eee87592f467b4ec0b509d972
./plantae/acer/acer 6.jpg,6bdd9551cb401c536d9eee8fc2a24214ca25df69
./plantae/acer/acer 5.jpg,9f93d0a5188b9092292fd980073b5921a8605cd9
./plantae/acer/acer 4.jpg,fc51466f2d104da14d13790a6895c82ea75cc523
./plantae/acer/acer 1.jpg,78ac0130a35fbf19229398d5daaf2e7ab0a2a20b
./plantae/acer/acer 8.jpg,f9809fa86935ffea60356963adf5c6d62fc96646
./plantae/acer/acer 3.jpg,5d941b5e8be97ef1f484cf70804849155e395d8a
./plantae/annularia/ann 2.jpg,e34815ef1b2f620bec1276dac39004761880337a
./plantae/annularia/ann 4.jpg,86aa5d9503c370de6049e2059bec6bda48b6c3eb
./plantae/annularia/ann 1.jpg,5d74552c017fee4e622bae3ee7315814c554cbf7
./plantae/annularia/ann 3.jpg,a3b82c4a5f5fbbeaf1027094771a48dba5579025
./plantae/annularia/ann 5.jpg,20e0cbc9a523aea37ad61f12865fcc5156dc75f3
./plantae/annularia/ann 6.jpg,7817f3c9e9ce07a108b9d9845cb2f48fbf31f595
./plantae/annularia/ann 7.jpg,e9dd6e48ab0fc810f379305816042019c5bc0956
./plantae/lepidodendron/lep 8.jpg,49c92a9766c9ba6fc80e191e2871724f6d5328bf
./plantae/lepidodendron/lep 1.jpg,6c882b30cca6593a71f2f65f3fa9d3888616d185
./plantae/lepidodendron/lep 2.jpg,63fd3d8d9b8d08cac6adb7190967d0decb97d2d0
./plantae/lepidodendron/lep 9.jpg,baf094e3fa9db9d6058bb86a35d30236295ea20f
./plantae/lepidodendron/lep 5.jpg,5241da18c4be107c657ac0a5b52de3cc1553aa96
./plantae/lepidodendron/lep 3.jpg,b70018f847610a5ed163f8e45eb5d29c00ae3abb
./plantae/lepidodendron/lep 6.jpg,467c050d512ebb98aca99b73d7b5251e8a0f575b
./plantae/lepidodendron/lep 4.jpg,41a6ac01187de2ee28e43db6a7f0baa35ebc755f
./plantae/calamites/cala 3.jpg,2e3ab5ec636bc43e4485a04d72d1ecbd64c428db
./plantae/calamites/cala 4.jpg,be05904d45c8f27e5e82d8f618b36ae47460a780
./plantae/calamites/cala 1.jpg,b3922dc3c5689460b5dd4d23d0182ee7f26ff0a6
./plantae/calamites/cala 5.jpg,758c3e19587b1c98585bb8f84c02a8c61530abbe
./plantae/calamites/cala 2.jpg,6c4d670dd97eff43d0ce8186939efca94d1669a4
./plantae/ginkgo/gink 1.jpg,b7d7eeb3bcd1103f83b5735aea92a0578c6024b1
./plantae/ginkgo/gink 5.jpg,2f05a061a2267625729bde04a7e85ec280dd0d05
./plantae/ginkgo/gink 4.jpg,0a6a55e8f4a84ef5d58a18746fb7f533ec3cf04b
./plantae/ginkgo/gink 2.jpg,7e4b066b47ae6a1d948f536a7c2821d75e650c2c
./plantae/ginkgo/gink 3.jpg,67372feab4bf09ac1188b748c82d3ed45cea8ab4
./plantae/ginkgo/gink 6.jpg,843c7aa1976bc766ef71ff419397f70f51c7f434
./plantae/pecopteris/peco 6.jpg,0e23748fbabba502b4a0f5ee6a9435bf1d18f9a0
./plantae/pecopteris/peco 7.jpg,9d72480edfdae06763bd94b07857187eab7acf1a
./plantae/pecopteris/peco 4.jpg,e0cdde6a05ffc8659ddc1f0e476f29436a748419
./plantae/pecopteris/peco 1.jpg,dc863db0add9c4471e4a00207ff3b8bc94a14e74
./plantae/pecopteris/peco 2.jpg,9944cf51903b2969052d0440f5bf278e2d391020
./plantae/pecopteris/peco 5.jpg,cd17e96b69b989ea351bfda1a2dbbf7448700c0f
./plantae/pecopteris/peco 3.jpg,ba3e31d1e4130e0d07bb5f0ea107e89227d4d764
./plantae/pecopteris/peco 8.jpg,db3e3ce087d836cf6911f7bd1ed59fbf74adbd8e
./plantae/psaronius/ps 1.jpg,e1a561fa0180505e24959d10d9484d41068c333b
./plantae/psaronius/ps 4.jpg,f84f8d18ae00d314a634564f25a11e7566693ee4
./plantae/psaronius/ps 5.jpg,e2aa1f3cf370fb5c1c3635c57f7939fefae9159a
./plantae/psaronius/ps 3.jpg,528f9ed4247f69404800baf3b380ecc0f1598e48
./plantae/psaronius/ps 2.jpg,ff2e73f18f5c4fe40f5a71016c3a8c8c924b6e31
./brachiopoda/mucrospirifer/mucro 4.jpg,b6015d89519bf2f92fbe90a65e0947c5cc612bf3
./brachiopoda/mucrospirifer/mucro 7.jpg,a0074acd3ba4ef60792cb44ebcc579671ca637d5
./brachiopoda/mucrospirifer/mucro 5.jpg,95ed3f0b4658cdf5ed00b1c5c99e767a5648bf7b
./brachiopoda/mucrospirifer/mucro 2.jpg,6fc512e26a1c625f1452a8c4005b6a951718f176
./brachiopoda/mucrospirifer/mucro 1.jpg,06a18d1c692763c1bb81a5f7d9a09536c34242f5
./brachiopoda/mucrospirifer/mucro 3.jpg,915a187c74fb000484817e115d78063a6726d848
./brachiopoda/mucrospirifer/mucro.jpg,b6a6a8e5d8cfff48ffbdaafe985a023b06734993
./brachiopoda/mucrospirifer/mucro 6.jpg,ec24e0ad969820a9867ddd7464cff6c843915152
./brachiopoda/mucrospirifer/mucro 8.jpg,63d6af5a29545e975098f94363cd392381d529d0
./brachiopoda/rafinesquina/rafine 1.jpg,553e257fffe491f5dddd99cfef03d867b14440b8
./brachiopoda/rafinesquina/rafine 3.jpg,f6114712f97c93581cc18f4aeeea66c5cbd3aaea
./brachiopoda/rafinesquina/rafine 5.png,45abb0df12f00b84931ebb65959b01f56103a02e
./brachiopoda/rafinesquina/rafine 2.jpg,ecef836c149bb2a868f29c7b82c8013dda5b714c
./brachiopoda/rafinesquina/rafine.jpg,281f5b4ec0e1e58a3b852424b1b2bba4eb77a04c
./brachiopoda/rafinesquina/rafine 4.jpg,29ff29edf0370a5296c03a49945fe4176e6ad84a
./brachiopoda/platystrophia/platys 2.jpg,e8e8f89d5377206343e5668de1fc5685866504f4
./brachiopoda/platystrophia/platys 6.jpg,8885299674f1c25049c39e792ed425f3e977cf79
./brachiopoda/platystrophia/platys 1.jpg,44a3dc8379e46cac4c3d44e1b5f914f17e5607d1
./brachiopoda/platystrophia/platys 7.jpg,5607515dfb68ffb4edb3a5bc7140a55779bef2cd
./brachiopoda/platystrophia/platys 4.jpg,4ab545fb575e682995559fabdbd3378fb395204a
./brachiopoda/platystrophia/platys 8.jpg,f8e3f6ba6b912678726d11544c3b5acf66002357
./brachiopoda/platystrophia/platys 3.jpg,36754aa1489866e82e3be7279c67e5be97480584
./brachiopoda/platystrophia/platys 5.jpg,cd1ce7f62f36794a26a33df724d58bf2ac3a0d5c
./brachiopoda/lingula/ling 2.jpg,99f97610c0d7519b655500682afc391e58d8b0bd
./brachiopoda/lingula/ling 1.jpg,1eeec0f6b7ab2e4aede2226bc982078e2e2e3ac3
./brachiopoda/lingula/ling 5.jpg,64eb636d14a551536710d36a2bc2c289f7e1cdaa
./brachiopoda/lingula/ling 3.jpg,ea074740782743c0e65560dee3f8c74832c161fa
./brachiopoda/lingula/ling 4.jpg,25a01e2cb5fad07d48ad65fec38f4ace8b5134bd
./brachiopoda/juresania/jure 3.jpg,2bac765ee710f61146fe886aacde665a2be9821c
./brachiopoda/juresania/jure 2.jpg,99b82cf442efafa724afd80b3883e56df7a9e89c
./brachiopoda/juresania/jure 5.jpg,764a0c2b481ad7ac13550f1b6070f23e997ecad3
./brachiopoda/juresania/jure 4.jpg,9a3d9c13fd61ca2e131a54bd6931228f14125b29
./brachiopoda/juresania/jure 6.jpg,17c77f8967290f1366d05d3ec3432c00c3495247
./brachiopoda/juresania/jure 1.jpg,ad38aeaaef4d82625d5b8fbe60deb2b17a97e6d0
./brachiopoda/leptaena/lept 6.jpg,fb9ae2cdc5ad8905f9dd934cfc3876dd927989ae
./brachiopoda/leptaena/lept 5.jpg,c26676ed8558e9cd672c19752c15b1f61322b65d
./brachiopoda/leptaena/lept 3.jpg,43af5a075ff9b5c90b635dcc2de081e349363422
./brachiopoda/leptaena/lept 4.jpg,86aa525d5ae479ce40b2ca6e1a05b34ab755144f
./brachiopoda/leptaena/lept 7.jpg,b1a2260efe9899dbe419d56728c317fa22db1e78
./brachiopoda/leptaena/lept 2.jpg,b89a75040e6ae3aafc841283b4cb3c42a48185c8
./brachiopoda/leptaena/lept 1.jpg,09b298c92feeaaa54e76d0bc31ecbea22424ed76
./brachiopoda/atrypa/atrypa 1.jpg,5183d8c8feb0753aeaafd3ef6b56d3eca5dea886
./brachiopoda/atrypa/atrypa 3.jpg,5f35226996f24abe8d7ca0f403ba63eb40ef8c60
./brachiopoda/atrypa/atrypa 5.jpg,158f6bd3ba27aef60618409122b96f0e7439c0ed
./brachiopoda/atrypa/atrypa 6.jpg,10234add7c3bbb96c21331d6a9f6dc94466ef62d
./brachiopoda/atrypa/atrypa 4.jpg,b91efe355b851a82e62476b18d647bbafde24108
./brachiopoda/atrypa/atrypa 7.jpg,82cd1fb2c4ffafcc5efa1bfb49f2861b25105606
./brachiopoda/atrypa/atrypa 2.jpg,3524a5ca2f76fba45c65c23cf1b2143c4caf8bfd
./brachiopoda/composita/comp 3.jpg,f747f1d6972700d2199098061d0c554f567a47dc
./brachiopoda/composita/comp 6.jpg,90a92c2355c8937b6a3a554cd219380423162448
./brachiopoda/composita/comp 5.jpg,003da08fb56ce85d701ac9908765d1e8f3f626c9
./brachiopoda/composita/comp 2.jpg,f7d45a3d4b55443fc38dc4dffe9524ba350411cb
./brachiopoda/composita/comp 1.jpg,88ee2c42dc50d92abfb7f93ea2295ad5db0eba63
./brachiopoda/composita/comp 4.jpg,82df543298b91eda61398f1bf8888b15f537df52
./brachiopoda/composita/comp 7.jpg,c5d899aca33f62f3863caa391b73f58da1bb62bb
./brachiopoda/rhynchonellida/rhy 3.jpg,6ee5e2fc8fb168a52cfce060134ca78e0e318d48
./brachiopoda/rhynchonellida/rhy 5.jpg,966abb95c06cc9059584857879e7ee792bdbfa24
./brachiopoda/rhynchonellida/rhy 2.jpg,a7bb577054df4f7caa92b8ba651a96823e6c9ca9
./brachiopoda/rhynchonellida/rhy 7.jpg,b31c9114e6cd10e48aca393dac71a2ed5c952d2c
./brachiopoda/rhynchonellida/rhy 1.jpg,5911b09a4bc8869bece2b3202308281beaf9b76f
./brachiopoda/rhynchonellida/rhy 4.jpg,6cc9f5832942cfe7aa2977676304baa7dabd6f9d
./brachiopoda/rhynchonellida/rhy 6.jpg,53258181f9c95514dcc8f418a27091eff82437ea
./porifera/astraeospongia/astro 4.PNG,6aada0f1e71a3a57fa4f96f13ed03e82b17503e5
./porifera/astraeospongia/astro 2.PNG,84a4da9c58de5a3bf485c22721e39c841cdac708
./porifera/astraeospongia/astro 3.PNG,df8a1b022799288646a33f169041d1b897fdb955
./porifera/astraeospongia/Capture.PNG,8db9a89e87f56860a170e4ffe11dd20465999081
./porifera/astraeospongia/astro 5.PNG,8d617fc1e76797aab1cfb1f978a1e7778bf0e45a
./porifera/hydnoceras/hydno2.jpg,87d8d65c4ffeed40c3e5f9854bd63d8b7a717b93
./porifera/hydnoceras/hydno 1.jpg,5cab90663e9c65371f469a36e7a0fff9454489ba
./porifera/hydnoceras/hydno 4.jpg,ccb42104d6a010d76302ce746dae98b42a428acb
./porifera/hydnoceras/hydno 5.JPG,41e16793cd8b36d89cf8604b76d48fd818316ff0
./porifera/hydnoceras/hydno 3.jpg,8091e72c7132769533d39cacc3a30c5de7aba93c
./reptilia/mosasauridae/mosa 3.jpg,55c7547593652ec39851879887d97172117413eb
./reptilia/mosasauridae/mosa tooth.jpg,2dd309295bd7eae33aa3606e29f591e91c62cd10
./reptilia/mosasauridae/mosa 4.jpg,b910a45d8a5c3d0ea0a9711c993db543d5e9d23e
./reptilia/mosasauridae/mosa tooth 2.jpg,5dfe37db6b5a48d28969f37695f1007d592b8511
./reptilia/mosasauridae/mosa 6.jpg,16b0c5b6e7c1fc772a213cada352d890bc5846be
./reptilia/mosasauridae/mosa 2.jpg,5df8778c3e746f9b647baa011d4652c7e0b6b6cf
./reptilia/mosasauridae/mosa 5.jpg,fc49c4991deb33192067c126623db01dbdf43b2f
./reptilia/mosasauridae/mosa 7.jpg,b322e847bc0eaf48150d15e51608bac08cdd7ba1
./reptilia/mosasauridae/mosa 1.jpg,03317b2ae046a46ba4b582b789375360f5fc8690
./reptilia/crocodilia/croc 5.jpg,70b10d418f8f4e88706e27447cd34ea09e18a32a
./reptilia/crocodilia/croc 4.jpg,85b8e2279ef5343c0d7a364a3bb4617fdeb2f0c6
./reptilia/crocodilia/croc 2.jpg,87bc85c414bcf999d5a607b987a91fa61f9b7394
./reptilia/crocodilia/croc 3.jpg,a8a8e4267d3370ba060ca71d4cb39c334feecdc9
./reptilia/crocodilia/croc 1.jpg,1de3f184096a8bc716722b31efb728281a0d7c5f
./reptilia/pterosauria/pt 5.jpg,78aa0065d754a16e096857f27d17b05a2e914b20
./reptilia/pterosauria/pt 1.jpg,9fd15f8c7f5316b4506e429f1029502c5502a78a
./reptilia/pterosauria/pt 8.jpg,fdbeb1974f6c022500570051d2158d4b38e4a0a6
./reptilia/pterosauria/pt 7.jpg,cec2d34a1c80450da7c647e5389539c2be556129
./reptilia/pterosauria/pt 4.jpg,ce2f142b61a7ce39c45a8fb22758c73542bb3d0e
./reptilia/pterosauria/pt 9.jpg,d4741a11b1d65a755b8cfd7156ec325e3005abd8
./reptilia/pterosauria/pt 3.jpg,aa1689348938c8be04e1239a851463cac0aa2573
./reptilia/pterosauria/pt 6.jpg,c98ca4b097a8b2766c50683ad4760998d848a721
./reptilia/pterosauria/pt 2.jpg,d1b71cd029c03bd8322fcce5e819a5a37f3dd895
./reptilia/plesiosauria/plio 9.jpg,f3217f18c66cc1fbc2bf53f9afd63381ea030bdc
./reptilia/plesiosauria/plio 10.jpg,6514b907b4cf4552b72fb1a070149dc9b1e22aca
./reptilia/plesiosauria/plio 2.jpg,48f3552a2f4780c269368d6e9af87c022625566c
./reptilia/plesiosauria/plio 1.jpg,353470dd2762011c5b19ab37c6c8b20083d4ed5f
./reptilia/plesiosauria/plio 5.jpg,ac28a8a8bd8093732257b421a7bd14d0406fb938
./reptilia/plesiosauria/plio 8.jpg,464f05aa39284d70192e617e46082635436349db
./reptilia/plesiosauria/plio 4.jpg,088d64a93aa5fcdc9ef9c2bfab0e6ed48111d307
./reptilia/plesiosauria/plio 3.jpg,7b5e4d2420aa0316546c83757134a003ebd39409
./reptilia/plesiosauria/plio 7.jpg,5616008879445737b86886dac1ece21e7105d323
./reptilia/plesiosauria/plio 6.jpg,e753176f8deb5d7404cf84d7e91d821dafa9f16a
./reptilia/ichthyosauria/ich 5.jpg,38ab9af16ff2127b3235392162b4241c41e01f64
./reptilia/ichthyosauria/ich 1.jpg,acffd87907a2c2067767f2d1c3dfb4d19a50a1ff
./reptilia/ichthyosauria/ich 2.jpg,bf94a6a6eb854f410954f6bcab379770ead9d9a6
./reptilia/ichthyosauria/ich 6.jpg,777c2744aa1593e5f090c10a3875a77e8b36ca79
./reptilia/ichthyosauria/ich 4.jpg,0b2a8224b7d2051fa1ac1d3b20fd8069e340cf8b
./reptilia/ichthyosauria/ich 3.jpg,cf403c9731f83c5e5b128dbcde4033e9da81ec84
./reptilia/testudines/test 2.jpg,34d2c77bada44f7dda0c633ba952494bd4e4f0a2
./reptilia/testudines/test 1.jpg,f3ea1c105401629080c7281c1bf3bb5f817e29b6
./reptilia/testudines/test 3.jpg,6ce30405dd174b03bb230ef946e30d9477e26034
./reptilia/testudines/test.jpg,65a9d872ea6fd653ed62dabafb55e01d2eae25ad
./reptilia/testudines/test 4.jpg,1c3203ed32dcac62473a1953a1d80f9ed8182624
./arthropoda/crustacea/crusty 4.jpg,611cef253c24068700db55214bc4173e08c4a3c5
./arthropoda/crustacea/crusty 1.jpg,3eae632615e135018cd982ec8212e2272a465bdb
./arthropoda/crustacea/crusty 5.jpg,7645c21206fcad94f3cc0f0915d7e2bdb2e94ab9
./arthropoda/crustacea/crusty 2.jpg,e976f95dc9258f1645d6a6bda5fff7441aedbb15
./arthropoda/crustacea/crusty 3.jpg,9ac156861bcdf5734db0369a64f8a91cfc96601c
./arthropoda/eldredgeops/dredge 4.jpg,73dbc5a3832410cd3fdad5dcd2be408bf8130b6f
./arthropoda/eldredgeops/dredge 5.jpg,d5ded6c94be848656575547786e67086e3234f95
./arthropoda/eldredgeops/dredge 7.jpg,36a63800c3141997a9a437046abfcb9e41ad1a91
./arthropoda/eldredgeops/dredge 2.jpg,2017af7d0c8ca07b805ce42429e0295ee8495230
./arthropoda/eldredgeops/dredge 3.jpg,d183aaf528c2eb64947616d766c625c7eb34ccd4
./arthropoda/eldredgeops/dredge 6.jpg,18922775a14727c11d68a807a61c63a29f9153c8
./arthropoda/eldredgeops/dredge 1.jpg,7a92d090c0621717373655569aefa06987dce35c
./arthropoda/cryptolithus/crypto 4.jpg,ed6adaf38580bd73f9d0c585cc1b56de347f9a44
./arthropoda/cryptolithus/crypto 2.jpg,cf08c251977e26b55ebb19349771a538ee2c630e
./arthropoda/cryptolithus/crypto 7.jpg,026171a7d8317fd2552d4bdfc1a97c0be3fca4c9
./arthropoda/cryptolithus/crypto 6.jpg,ed5d1c91289c4acb42715e5dfc830dd9661a647f
./arthropoda/cryptolithus/crypto 1.jpg,248b21b4b3b1cf370793a845870fe1c9c9c03fca
./arthropoda/cryptolithus/crypto 5.jpg,2df67358648f82ca314299bd8bd3fb24ae1c4281
./arthropoda/isotelus/iso 2.jpg,94788e73e72f43ec41526e5a07f9ea37d5e42b5d
./arthropoda/isotelus/iso 3.jpg,724ba7a3d18ba80131b8aaf443874f46c93f5827
./arthropoda/isotelus/iso 6.jpg,a8f1c9590fa898d4e6473db2aaaa47fc55594c62
./arthropoda/isotelus/iso 1.jpg,ba364cb7505ffa593f7d64ef28ee7e4f35156761
./arthropoda/isotelus/iso 7.jpg,3294444ca51a4d6de06b5627a68afe2c12e2c586
./arthropoda/isotelus/iso 4.jpg,95ac17237ede323cf841f587b27f02c55c030e6b
./arthropoda/isotelus/iso 5.jpg,533c50256b6949187afb629605e927d19ff95b9f
./arthropoda/insecta/insecta 5.jpg,5c9d8513f0f11ee777e9579b707411ed5f4ab9a3
./arthropoda/insecta/insecta 4.jpg,759cf5c6345345e8d20e67ab6abe99e4d6eba32c
./arthropoda/insecta/insecta 1.jpg,d59aecb11d9e28066bd3decc52e9a72c7d200be6
./arthropoda/insecta/insecta 2.jpg,2187a9261234be0456b6d9efe7d4c5d1de79aedf
./arthropoda/insecta/insecta 3.jpg,47e14beaa51ac6816dd7c09242dae73f661f698a
./arthropoda/calymene/caly 6.jpg,44fb0572d9f5134f57028e4b3d5a8a861f2b8982
./arthropoda/calymene/caly 3.jpg,17a1def0cac7f7a24de66b5c29590e9e5099a399
./arthropoda/calymene/caly 4.jpg,a0cd87c955a5699af765f2cf1c82ac3c499d5726
./arthropoda/calymene/caly 1.jpg,f8746a78a9c6ec695b1fb80f9370b58905d131a6
./arthropoda/calymene/caly 2.jpg,dc2aaa1e5751b1000bf432445e02c241404288d3
./arthropoda/calymene/caly 5.jpg,6df7358779397115ca57d25ebaa4e7f826ac6353
./arthropoda/calymene/caly.jpg,67389041d709ab93d6d22bb8fbefc9e77937b066
./arthropoda/elrathia/el 2.png,d624ef84e38939ee303313ecccd9e4edc646870e
./arthropoda/elrathia/el 5.jpg,f0e1301c024529e7d88e770e5cf45853ba0fd803
./arthropoda/elrathia/el 4.jpg,410f94fc26f178d30040a7c72eee025cd4aaa073
./arthropoda/elrathia/el 6.jpg,d15e6f38910e3c20a3ae8aa05692611767efb5c7
./arthropoda/elrathia/el 3.jpg,4685690b17fa7abed4465ff887b0749db19e760a
./arthropoda/elrathia/el 1.jpg,e7bf919df0e49b73d5794012de8c1d0c2ae53720
./arthropoda/eurypterida/eurypt 4.jpg,b2a002909b41f1e441f2e62f4af76066a6a70be7
./arthropoda/eurypterida/eurypt 1.jpg,05899a12a7b40289027ad44e427e9a874e42c574
./arthropoda/eurypterida/eurypt 5.jpg,6dfaed9d82a8477b0b1d2958897e6edf89dfd492
./arthropoda/eurypterida/eurypt 2.jpg,6a394706f3f5d99f12e0f34e22cf6ae9b5b10587
./arthropoda/eurypterida/eurypt 3.jpg,11126d8231cfe7a1eeb369189faccfced1315797
./amphibia/eryops/ery 6.jpg,7581e3832d397d191ed409e87c007c7d07adcfc1
./amphibia/eryops/ery teeth 1.jpg,4a8df8630b21f4179c87c34c76c33533cdef0a1c
./amphibia/eryops/ery 2.jpg,4fcc276783863d358d5ed63f66a3991e5b1f4a54
./amphibia/eryops/ery 5.jpg,24e5e8138ee2e880149b614fa1f58923b71a6907
./amphibia/eryops/ery 3.jpg,2a312ec944be3ba3b6752f915d165d98c4caf915
./amphibia/eryops/ery teeth 2.jpg,1492ddc3d95d53a10c807e945d1c021fbae1aca8
./amphibia/eryops/ery 1.jpg,ac91ca448647a7db4750f18904da588f1b188cd2
./amphibia/eryops/ery 4.jpg,a95b05e3175120cc99519abc32df111681a0bbc8
./amphibia/acanthostega/acan 2.jpg,7b49d683bac7e74e0bbaf059aa7d2348b309e781
./amphibia/acanthostega/acan 4.jpg,de768886c6b41bdc6bd046a22eac0306056095f5
./amphibia/acanthostega/acan 7.jpg,2378dadbed9a56ecaae39a00dd939b90401744db
./amphibia/acanthostega/acan 6.jpg,a360451bd55510b2067b4137a1d5f4cfc5a494b7
./amphibia/acanthostega/acan 3.jpg,7c8b48d38040253ce6089eae43b514ad3f2130fb
./amphibia/acanthostega/acan 1.jpg,9e3c6ffcec674cb86ec93e49af3aa5e94c8dce5e
./amphibia/acanthostega/acan 5.jpg,5de432a6df122efcd6dd9b996ac7219771d2d57a
./amphibia/diplocaulus/dip 1.jpg,642167af3ded99ae5aaabb6123f94cb29771874c
./amphibia/diplocaulus/dip 2.jpg,a7896a5eef98121ce438ad89366ddf4d365fe4d9
./amphibia/diplocaulus/dip 3.jpg,358514ce2cd52d136dcb8db1b84553d3caf5271a
./amphibia/diplocaulus/dip 4.jpg,c9dbba63afbb021b107ac10a11ce688126840a54
./amphibia/diplocaulus/dip 6.jpg,b77a9a097f4cd0dae498d0ad184985992686cefb
./amphibia/diplocaulus/dip 5.jpg,0c9d22bbcda8fe928f8e135f228eafd4dd45df3a
./sedimentary/shale/shale 2.jpg,f129ded78e97cbc92f46fa462d7b31bf911ba987
./sedimentary/shale/shale 3.jpg,82ec513ba5b026c26f85c8178f36dddd906fabe2
./sedimentary/shale/shale 1.jpg,5a887c0b8b5b4efe6d078fd5115468bccf4772ef
./sedimentary/shale/shale 4.jpg,1d997ecc540af5fe3764d587e60cab01a8d1fb8d
./sedimentary/sandstone/sand 1.jpg,55823348110ae52ad890532991a0be39eff0280f
./sedimentary/sandstone/sand 5.jpg,847dfc77be6c8345fcc3c55a074f061f8d138bda
./sedimentary/sandstone/sand 2.jpg,4239e5ad10dcf5c2db04a31d092c26059ade20c9
./sedimentary/sandstone/sand 4.jpg,9e194b900988ac2f4a4aa58854bcbdf2c604a255
./sedimentary/sandstone/sand 3.jpg,206ce8275a397ba36067947543f07965d9519061
./sedimentary/chalk/chalk 2.jpg,f09f3f9d1486567d83edeaae36e8d53d7acbdd9e
./sedimentary/chalk/chalk 1.jpg,71b8f5e506ff3bb4526f3a090348060e1f478da2
./sedimentary/chalk/chalk 3.jpg,d7cdd01eb4b3993bf433a63de326120f35215c20
./sedimentary/chalk/chalk microscope.jpg,0021f6b673f555e13d6d12f637105412bf4967ed
./sedimentary/chert/chert 1.jpg,75ff8e4ad0e9c35602411316871420be942ea86c
./sedimentary/chert/chert 4.jpg,a0974eb4eebe69554cfac9ecb91dcaccee89004b
./sedimentary/chert/chert 3.jpg,dd4db421dbfd0da91977775584c508c8e5e83c23
./sedimentary/fossiliferous limestone/fos 5.jpg,d3c3c9ad2f0d58ce956017702d2659b0aefddc4d
./sedimentary/fossiliferous limestone/fos 4.jpg,69f06acb1a77d3b7f6f2edc8a814ef5683685e42
./sedimentary/fossiliferous limestone/fos 2.jpg,123f2867b88cf7463e6c967be4f502b0c390c085
./sedimentary/fossiliferous limestone/fos 1.jpg,af9bc287ccb8284bd82e7df92aee702c300cd534
./sedimentary/fossiliferous limestone/fos 3.jpg,149d3cb02ebf043aae1d23e2def58b6d7c7d2f78
./sedimentary/coquina/Coq 2.jpg,b29320f563eb83c548e5315e0a6ddb3c72f3f771
./sedimentary/coquina/Coq 3.jpg,b556a36c4f527a30a365082b45dcbd3d66dd438a
./sedimentary/coquina/Coq 1.jpg,27b079c5fda8a8255078fa4b6a5852496a1662c3
./sedimentary/coquina/Coq 4.jpg,2f24075153d9854ef4a80543807dea9ce285c9d0
./dinosauria/tyrannosaurus/trex 5.jpg,33bf0ea631722f4e88d86e711e894a9b0f66c1d2
./dinosauria/tyrannosaurus/trex 2.jpg,032eae5c7d5eb65a1185dbc4738eddd7081df935
./dinosauria/tyrannosaurus/trex tooth.jpg,18349d388b89b1bee4586cd5b7eda151bf2604b7
./dinosauria/tyrannosaurus/trex 1.jpg,a4a7d02e8ed3af4ab71e7c9b375dd23fec1a5ea0
./dinosauria/tyrannosaurus/trex 4.jpg,06c121002c85d9df3800da4c70ca814ad14a209c
./dinosauria/tyrannosaurus/trex tooth 1.jpg,ec3f6556d0a5c56e356f87369436fcd070bb2292
./dinosauria/tyrannosaurus/trex 8.jpg,34d2714d4f1fc9d4a6b1d29c48c7419e400d5a3a
./dinosauria/tyrannosaurus/trex 6.jpg,ba02d1f4c8e3a48eeb84e83d527326eea05950b3
./dinosauria/tyrannosaurus/trex 7.jpg,0b17ad48ba481d26d98614ef83577f475214bff9
./dinosauria/tyrannosaurus/trex 3.jpg,b522b9523b6a6b44c1291efba9a3b98979a8a2e7
./dinosauria/dilophosaurus/dilo 2.jpg,a2103b50346153b12e3c5d92318ba3899afd1eea
./dinosauria/dilophosaurus/dilo 4.jpg,22b58dbacce236c6e0c32125e152556c686e004d
./dinosauria/dilophosaurus/dilo 3.jpg,8c6234fc93b2c4d7eedf2f6a3733127895a1b5b2
./dinosauria/dilophosaurus/dilo 7.jpg,410602a0656e457ed8120796df58570a265a1621
./dinosauria/dilophosaurus/dilo 5.jpg,e71807c8bce4e7adbf9b62622ce364525b971611
./dinosauria/dilophosaurus/dilo 1.jpg,2365d71555bfae71ed826a6f9d256a1bfb140bcb
./dinosauria/dilophosaurus/dilo 6.jpg,df15f720f8a915411c6653d33a786f95dbaab1a3
./dinosauria/protoceratops/proto 4.jpg,eb2baae09054aedb3e67f954617aae74d21e3676
./dinosauria/protoceratops/proto 3.jpg,42b94002033a462336683b48db3d485ac3facb7c
./dinosauria/protoceratops/proto 6.jpg,70cf1828273e82a671de4095c0e7ebb33d19ebcf
./dinosauria/protoceratops/proto 1.jpg,2ff0a75dc686153d88619b17d97c1b0f22d988ee
./dinosauria/protoceratops/proto 2.jpg,e92fd389b3033534a569d3adc0806b766cb2decf
./dinosauria/protoceratops/proto 5.jpg,1391e1b5d1e53d720de1ea7740eac53b2b0a316b
./dinosauria/triceratops/tri 1.jpg,f715b61c7829828e9525deb6e73a342d07b69b31
./dinosauria/triceratops/tri 5.PNG,4cea90fd602783fb194f652bae0621c779fa9d46
./dinosauria/triceratops/tri 2.jpg,ed29c6115b4dc092e73ca9d92bcabaa0b35b8a56
./dinosauria/triceratops/tri 7.jpg,a67b0cba782e378a35b0cab9a1656d990ccc79b0
./dinosauria/triceratops/tri 6.jpg,4ab067299c37b0058986a981f60b02d79a43f0fc
./dinosauria/triceratops/tri 4.jpg,98576281932049f38652f9840a37d00ad93d473d
./dinosauria/triceratops/tri 3.jpg,7dfc1ee701e9650b30464a2a2c74201529db9580
./dinosauria/triceratops/a3c688c33c5eb0f3c1e3601b0a58bf748e20e24e.jpeg,a3c688c33c5eb0f3c1e3601b0a58bf748e20e24e
./dinosauria/velociraptor/velo claw.jpg,4a146c873b09590d82b0ccceab5a99591319c2e5
./dinosauria/velociraptor/velo claw 2.jpg,8aad0f9e35acc121b2209f4169d748bd277562b5
./dinosauria/velociraptor/velo.jpg,9426c178b9570009a965963d58ebebb5283bdaca
./dinosauria/velociraptor/velo 6.jpg,0e93b11790efb38bbd5f269c61c789b3eaf8971e
./dinosauria/velociraptor/velo 4.jpg,042c4ac5776e9150091a8812310b0ce64f8a4ecd
./dinosauria/velociraptor/velo 2.jpg,fbd858191a55a96295d7fac0c7ac453df121f17d
./dinosauria/velociraptor/velo 5.jpg,44c3fa67929da69a22d60adf743de6eb718eebfc
./dinosauria/velociraptor/velo 8.jpg,94369a02e461bdb8ceddbf0f6ec2a995cd8e2465
./dinosauria/velociraptor/velo 1.jpg,dabba32934da800d62ef03804dbae53ba647ad24
./dinosauria/velociraptor/velo 9.jpg,369279683b0e1a8090671ae79b77644e30ce36db
./dinosauria/velociraptor/velo 3.jpg,c67aa8e1a70f460d5735994f55d7316ef7799a2c
./dinosauria/velociraptor/velo 7.jpg,201258614cd3ffcd7c1929f07450c1236830abf6
./dinosauria/ankylosaurus/anky tooth 3.jpg,95b037f4e8aaa1d5fc19d350f79d4e75c8c57d17
./dinosauria/ankylosaurus/anky tooth 2.jpg,4556201d61e73921ca95fc7ec0ce32b52f8ff10f
./dinosauria/ankylosaurus/anky tooth 1.jpg,16e285f26152a24d6c5f174da88bc4e617ed1b65
./dinosauria/ankylosaurus/anky.jpg,d62597c5f1d97af8ce7791d4724de9ae8c2e52a4
./dinosauria/ankylosaurus/anky 3.jpg,097de0023e3810e8f9970ef98312d27906720685
./dinosauria/allosaurus/allo 1.jpg,ae400f2b8ac3401461bb1e2c35639268e4e72578
./dinosauria/allosaurus/allo tooth 3.jpg,34eeef970c920ab132a0a8e2d5a09758464ceb93
./dinosauria/allosaurus/allo 3.jpg,3617af10cadbe423ab484a10649c7588ee88d0a3
./dinosauria/allosaurus/allo 7.jpg,e65a512d76c3a64aa5e0354f119212d81cfc3f17
./dinosauria/allosaurus/allo 6.jpg,e03da5cc58fbc2ccee6672bdeb558739bb22b510
./dinosauria/allosaurus/allo 5.jpg,2cfbc21d8515c553c6c2a7b99601446438de6948
./dinosauria/allosaurus/allo 2.png,afe53509509b7bd35bf23d5fd46caad4ed2e4805
./dinosauria/allosaurus/allo 4.jpg,c4beae9700985520fe1bd13f600639fedd3af599
./dinosauria/allosaurus/allo tooth 1.jpg,b14e3f41ff329d83ce4064dd328c493f7cc37f37
./dinosauria/allosaurus/allo tooth 2.jpg,6da5b301b4a74aac54bc7f4a20b4f27c1a4e2697
./dinosauria/allosaurus/allo 8.jpg,17438cbf8f23411d37b494f69201357b647352e1
./dinosauria/patagotitan/pata 3.jpg,e44c7f34bbcbe448842fd282013e137a5028900f
./dinosauria/patagotitan/pata 6.jpg,c849df1aea4862b323816da36cc546143d73acff
./dinosauria/patagotitan/pata 2.jpg,720cfdfd71a57b3e0ece20031886bc2717c2959b
./dinosauria/patagotitan/pata 5.jpg,5e7045148fc3b0d802496a4078cf94bcfc24990a
./dinosauria/patagotitan/pata 1.jpg,38df0a8ff1f9f651fb0a632caa1df7ca948def3b
./dinosauria/patagotitan/pata 4.jpg,bbafe55d9cbcdc74a8ac39c18093785812fcdaf2
./dinosauria/brachiosaurus/brachio 3.jpg,b357e71481d433078689218b8a21b4c3f259f6a4
./dinosauria/brachiosaurus/brachio 6.jpg,d91460f355e997b7555ac9dfbd6b915b95c4d313
./dinosauria/brachiosaurus/brachio 7.jpg,865d9c190d2f22a5f77657a25a55eac3db5b3db8
./dinosauria/brachiosaurus/brachio tooth 1.jpg,6f3c6f44e9b5c8fbf62f905ca5c8f718b9ea7399
./dinosauria/brachiosaurus/brachio 5.png,fe67eff0c7463e49342f0db395182c003f1b9f57
./dinosauria/brachiosaurus/brachio 2.jpg,632e89e1987545076135d67ffbb13a99b547b59d
./dinosauria/brachiosaurus/brachio 1.jpg,6b5ae4911c0792541ef975b589f3a8ce682fd994
./dinosauria/maiasaura/maia 9.jpg,0c36a96a68651e834e4512f5172f4f86c5bc5f77
./dinosauria/maiasaura/maia 11.jpg,fb95134150ce4a493f105c440e41261e1f791f90
./dinosauria/maiasaura/maia 6.jpg,9c7a3e755e3833431a6da13de7db0c6328bac162
./dinosauria/maiasaura/maia 7.jpg,bd5f3724ec0169ff67331abc2fd98c2972f8934b
./dinosauria/maiasaura/maia 2.jpg,1ea6d78b716fd14f916b92fb6fad9b18203908be
./dinosauria/maiasaura/maia 3.jpg,99031fdc165d85d6ebaf63e74fa0c7901d99574a
./dinosauria/maiasaura/maia 1.jpg,f0c55e0ace0928238160a105cf04e6a99f544b15
./dinosauria/maiasaura/maia 8.jpg,6f32dab84e4bd4be6ed992646ffdc3b79d581baf
./dinosauria/maiasaura/maia 10.jpg,c6e3d973a5ee4523b74e7d65e971b14de865f307
./dinosauria/maiasaura/maia 4.png,ea4aa63c83fdd8a78adddf5220d3390cf0830b67
./dinosauria/maiasaura/maia 5.jpg,bedbb0859e7a60fac3c76abf3ce130191a65eea7
./dinosauria/dracorex/draco 1.jpg,81b3e3cd131393cbe553e736b23a5e63b9826172
./dinosauria/dracorex/draco 3.jpg,c89355bb094d856c857e0a8f92d2c8f08ad7bdce
./dinosauria/dracorex/draco 4.jpg,56eacf370237d97b656393ae4025ea88394bbdd2
./dinosauria/dracorex/draco 5.jpg,829d85e6b1ba84402d77d7eb15abb2af683c68ed
./dinosauria/dracorex/draco 2.jpg,a2bc96b2388ec558bda2aa00279df4942695d108
./dinosauria/parasaurolophus/para 3.jpg,1b94d0cf0209bb6f04ecce60d3898f7d66442e6b
./dinosauria/parasaurolophus/para tooth.jpg,ac7b027dc130d0b0a7577155d0b7df79804f85c6
./dinosauria/parasaurolophus/para 5.jpg,09144a590c3afaa728e29677671f6250bceabf3d
./dinosauria/parasaurolophus/para 1.jpg,6840b14e246277295713ba5bfafe9d9d6f77bd92
./dinosauria/parasaurolophus/para jaw.jpg,5370107a9ba1a6f96543e921bf4d77860bd76a36
./dinosauria/parasaurolophus/para 4.jpg,3f2704e9983c2f61721ea00fcf9674d26f860438
./dinosauria/parasaurolophus/para 2.jpg,5374bd92d60d25bff77f51c4b63edfaf037e0415
./dinosauria/stegosaurus/stego 1.jpg,a4c07063eedc5d7edfa7c5d13f5a8ac7b5f17060
./dinosauria/stegosaurus/stego plate.jpg,70e61c91008b800b94c9edd901136916da5e7f7d
./dinosauria/stegosaurus/stego 6.jpg,f8b9fb235b4644ba49cc8d3c08f98c7ac243caf1
./dinosauria/stegosaurus/stego plate 2.jpg,64a9d1dcb41f52d3a931d104a4149ca984caace5
./dinosauria/stegosaurus/stego 5.jpg,e5271a7b3b77336b27f6a57a557a759687aac786
./dinosauria/stegosaurus/THAGOMIZER.jpg,812569fd1927faed87cb3bf82be9532ba9f9af6c
./dinosauria/stegosaurus/stego 7.jpg,0746f6518dcb4c236577ca7bb7d0f18d3c5c5f44
./dinosauria/stegosaurus/stego 4.jpg,34d443a5ad1c1707692b9913041e46397ef0586f
./dinosauria/stegosaurus/stego 3.jpg,190019eda1b8d8ddec5780d08741572084f4c8f6
./dinosauria/stegosaurus/stego 2.jpg,78c125c9be53b6863d40d07720f8fa2fcb700fd5
./dinosauria/iguanodon/ig 4.jpg,f81085527df019c061fad18ac5ab319483943912
./dinosauria/iguanodon/ig 8.jpg,a20b7862d94c13ffc8a3975791c545302e482392
./dinosauria/iguanodon/ig 12.jpg,ae46009500f0b43c7928718061859cb1b4c4062e
./dinosauria/iguanodon/ig 1.jpg,cab3578ae13d5434f1b8331910af85384cbad901
./dinosauria/iguanodon/ig 7.jpg,344ea5d61fe40724eef90ef963517e3dd725fd9b
./dinosauria/iguanodon/ig 5.jpg,ed65729b7a33c35a26c69372bb2bbd350b0f9d47
./dinosauria/iguanodon/ig thumb 2.jpg,29cb873477c132d997028ee2a5ae118f48f3b351
./dinosauria/iguanodon/ig 9.jpg,60e67c374c2f9ae3815004971c64573e48dcc0d5
./dinosauria/iguanodon/ig 13.jpg,2a4e0628c4c2f41986b951b1bf1b95645af516e1
./dinosauria/iguanodon/ig 6.jpg,899abff4acaa35b0d244847d12f87933896f8040
./dinosauria/iguanodon/ig teeth.jpg,112f9d0b8e2a4b52a2729387daa04dd99fecbf24
./dinosauria/iguanodon/ig thumb.jpg,56b936868a84780c02daf27bde9a7cb60f76198e
./dinosauria/iguanodon/ig 11.jpg,e9e1056f2c0b20a176696fc7c3dcc3c692507f8f
./dinosauria/iguanodon/ig 3.png,8b78551e6dca6d393474b6d9589c9486baf8d4f3
./dinosauria/iguanodon/ig teeth 2.jpg,e7b5fa857bdd7f71b447623e64c1d7814e1ecf33
./dinosauria/iguanodon/ig 2.jpg,4706151983802de4c5fe60b6a5b06160a49f9d00
./dinosauria/coelophysis/coelo tooth 3.jpg,4809834debdf889f776da6543b90ff86f3afdd82
./dinosauria/coelophysis/coelo tooth 2.jpg,f595914470ea18057ba01a188c767ecb85f613b4
./dinosauria/coelophysis/coelo 3.jpg,aaa21872a7acc0f739478254a1eb486b09bf2bfd
./dinosauria/coelophysis/coelo 1.jpg,37b217b267ff5d08b578b29a4019d07a794b3157
./dinosauria/coelophysis/coelo tooth 1.jpg,272c9adaca4dea307aa559006beaa4057de608f6
./dinosauria/coelophysis/coelo 8.jpg,6f1e4909119b3805194770bf0b8f8a97ee03fb2d
./dinosauria/coelophysis/coelo 7.jpg,2a2eae83e7f159b653b006806edcb516d71bf2ce
./dinosauria/coelophysis/coelo 6.jpg,24001d1faf81ec7ee5afc31f4735d416ea92c570
./dinosauria/coelophysis/coelo 5.jpg,0c5955d56e27366c0ac280b2a1b7e8fbcdda4520
./dinosauria/coelophysis/coelo 2.jpg,aa77281d9c4570e4aac46b42645ac7b64905cf5c
./dinosauria/spinosaurus/spino.jpg,af8a17c588dadaa36ae930856f0d7fe258fd9de9
./dinosauria/spinosaurus/spino 7.jpg,4344ad19cba3130143e42024cd6bb3c984295940
./dinosauria/spinosaurus/spino 4.jpg,0ca43070e575d267fc7faa8d4a2f276c00674dc7
./dinosauria/spinosaurus/spino 5.jpg,889f2b3bcf575683f7e05417a62a93eb2a745369
./dinosauria/spinosaurus/spino 8.jpg,b7a71d91ad881c415463f84dcd1013ce33bab098
./dinosauria/spinosaurus/spino tooth 1.jpg,c522c9b3717af62f3db4b719389d791a1e48db20
./dinosauria/spinosaurus/spino 6.jpg,8ab7bb4475f60fe174321c6a5b9e9c57ed7d86ba
./dinosauria/spinosaurus/spino 3.jpg,3fe78d74350a3677475a8da2f4a66ae21498b1f9
./dinosauria/spinosaurus/spino 2.jpg,bdb3f3781105c3059253ee72326c494a3b3e8928
./dinosauria/spinosaurus/spino tooth 2.jpg,fe1b3329b709ed4c4f474b6540a98af7a9b29d0b
./dinosauria/plateosaurus/plat 5.jpg,7915aae229373f0df4323b6f81ca385395e118f2
./dinosauria/plateosaurus/plat 9.jpg,6a04a6b52f9af2da31e3d870d084aafc1c1d3401
./dinosauria/plateosaurus/plat 3.jpg,19816b3eb9cb020909b748e10c9d2e231a774366
./dinosauria/plateosaurus/plat 8.jpg,a2c30f9dff8cfa04e8158bfef7e35556920b5153
./dinosauria/plateosaurus/plat 10.jpg,8215092be7a12005a6194fd87571783e520a4301
./dinosauria/plateosaurus/plat 2.jpg,914ab2f28cd3b7e34f796954e1eeac1b9d6f6bb3
./dinosauria/plateosaurus/plat 4.jpg,7114874dca83160ee23d66cc614b5f3b00b3c40b
./dinosauria/plateosaurus/plat 1.png,4c0236971539bf687f090814dec7add5260b7a40
./dinosauria/plateosaurus/plat 7.jpg,02b0c696cbeb59e9e0f05e083dc48d41b240dedf
./dinosauria/diplodocus/diplo 1.jpg,537766571dc692c94653cb064171bb868cdd3a49
./dinosauria/diplodocus/diplo 7.jpg,869e61a8beef1127bc01d3fe276cf6b97ea91450
./dinosauria/diplodocus/diplo tooth 1.jpg,e45a4a8c2c81c864347ac720c5036c7d24d09163
./dinosauria/diplodocus/diplo 3.jpg,21dafd30e79d45abe93cc95810ad99d905d8bd89
./dinosauria/diplodocus/diplo 6.jpg,fe3b309a589d75de5bb0e4951a8c57b9d5d6d23c
./dinosauria/diplodocus/diplo 5.jpg,53ab3ecb7486fc35498ab7eabc21067612a84d27
./dinosauria/diplodocus/diplo 8.jpg,ce8bc5542bdc34563425de369d17616faa564bd7
./dinosauria/diplodocus/diplo tooth 2.jpg,985d1a469f2f5b39b6cc31fc833bfb78cb150c98
./dinosauria/diplodocus/diplo 2.jpg,79aa1e8fc74d3f597e877aa456e8a9badec2c199
./dinosauria/diplodocus/diplo 4.jpg,db1af4e46e6b01edd16c568173b813de3869a043
./graptolites/graptoloidea/grapto 3.jpg,e51ffe51d8f55cd97dec9b245f29d11e5f46f80c
./graptolites/graptoloidea/grapto 2.png,79037b9782fdd35408a78d08c8c80d12b184c414
./graptolites/graptoloidea/grapto 1.jpg,379813a414142201aae9d47982312e8a2e44aee7
./graptolites/graptoloidea/grapto 4.jpg,c61b82876497f868a7597e32d2ba8482c8e4a789
./graptolites/dendroidea/dendro 3.jpg,9208bf33df23ea27e0fcbad7c9e8e2d4ece2cfc1
./graptolites/dendroidea/dendro 4.jpg,7db37c67c6afa0ee754962b70124114e03c7c16b
./graptolites/dendroidea/dendro 1.jpg,5bc7c4aa6ecf44ae2cbe5be82458a62fd99d8e22
./graptolites/dendroidea/dendro 2.jpg,38ce94de0b28e602e0f1a3ab4eb7e178c7593c8c
./aves/ichthyornis/ich 5.jpg,2993bfc0609ff720e022cdaf5a11f4487e9e33e6
./aves/ichthyornis/ich 1.jpg,7545492f3ebd6c93f46c4a21abf01a8fb7a22902
./aves/ichthyornis/ich 2.jpg,82aba199b9a74605acc55b6ad26c6b91d6995c6e
./aves/ichthyornis/ich 6.jpg,0b92144d72cfb78c4f0e088059d98f8770119677
./aves/ichthyornis/ich 4.jpg,670fae5a19fb7c0188c9a2f20f63f0883a6f19bf
./aves/ichthyornis/ich 3.jpg,0b9c54ef10ac9f4fdfd4ecdd9825564e817e7809
./aves/titanis/tit 1.jpg,ad9b239cb67d1070168a7d8b31e94a6b2988802f
./aves/titanis/tit 7.jpg,68151903e2aab02fee0e0138326ddb733b6fabc7
./aves/titanis/tit 5.jpg,c36a4d7d648ac045a9700b83171092066da0458a
./aves/titanis/tit 8.jpg,0afe1359c6c7fced598806cb6bf34bb4abf2599e
./aves/titanis/tit 4.jpg,cac3ae5c5dc55bffee04ceb31893e11295f1347a
./aves/titanis/tit 6.jpg,a375f18e643130dfbfeda98f407380a64e1d1ecf
./aves/titanis/tit 2.jpg,8d1b200873be05bf6956a64612e470bed3625d1e
./aves/titanis/tit 3.jpg,523ca41a69328bba8812200ca028631be1cd8410
./aves/archaeopteryx/arch 1.jpg,062e65d3b2d869161c55de4ac26197c98250a973
./aves/archaeopteryx/arch 7.jpg,051c19408155846e6831188f33b0f15901aec188
./aves/archaeopteryx/arch 4.jpg,8d28de97fa7683d7e21d650d6c7b7057b5637a2c
./aves/archaeopteryx/arch 2.jpg,60e4c662e80b9508749fa99194401aa0a0ec141b
./aves/archaeopteryx/arch 3.jpg,4070936ac82235723aa8103c2ef3c16d908e46ae
./aves/archaeopteryx/arch 5.jpg,c4cdf73ba1b3dbeed41d641ffa10a47c7acd51d4
./aves/archaeopteryx/arch 6.jpg,f2cab2db149d89b0d03be3efa5c95464d1ad4b57
./bryozoa/rhombopora/rhomb 1.jpg,0742bfeddb66e302ff7eaf380788cef47bcd1b81
./bryozoa/rhombopora/rhomb 6.jpg,e736b15f3e8c7d4a83d38b6e2962bb6ac452710c
./bryozoa/rhombopora/rhomb 2.jpg,d8aeaac3c5fec19efe665254b7abc34a0a7a400c
./bryozoa/rhombopora/rhomb 4.jpg,13ba2a60f54dc9bd6e1b92f84d10b4bd8ee00e03
./bryozoa/rhombopora/rhomb 3.jpg,057ea5b92a55279d55827860490462f2af9e0744
./bryozoa/rhombopora/rhomb 5.jpg,c90044169fe3cb9a4dda1df7fbb0da6e98e615b6
./bryozoa/archimedes/archimedes 4.jpg,87e873496f8d64ccb8384067ad5052a3cfee4ebc
./bryozoa/archimedes/archimedes 5.jpg,61f6634673335816a8426e0efb6559c3f1eb8db2
./bryozoa/archimedes/archimedes 3.jpg,83bb3d65519bcf06bf2815a629d83d958edb335a
./bryozoa/archimedes/archimedes 2.jpg,6804c02169de99b3aef3495fe28c4b6562a6cc6c
./bryozoa/archimedes/archimedes 1.jpg,0f3da69e4a0c12ebf94534900a1aca003552660a
./echinodermata/echinoidea/ech 4.jpg,303d375e886aee87f6bb61ab4b473dc9177f7823
./echinodermata/echinoidea/ech 1.jpg,4e2e06ca160a56c38d3a695257858a5fd2c7a904
./echinodermata/echinoidea/ech 2.jpg,0502b31aa48f2922e2b135c4a4c47d2e082ac435
./echinodermata/echinoidea/ech 5.jpg,291cfd46271c4e072ce60f1f82eb3b01ed54429c
./echinodermata/echinoidea/ech 3.jpg,4d66e8575b7e4fa258271c2fe2c04fe9aa5f04d2
./echinodermata/pentremites/pen 5.jpg,d7d6650f268231c023cbcd4b050aa77f5e225ca3
./echinodermata/pentremites/pen 2.jpg,8cce37c21957d198091c3645d7242ca76e52fb48
./echinodermata/pentremites/pen 3.jpg,4d273a5bcfa83af29ed8a7c7b68c4e8aacda06a7
./echinodermata/pentremites/pen 4.jpg,782bea71ae0123f389928dbc9fc36815e93b7d72
./echinodermata/pentremites/pen 1.jpg,b3843ce1b30c28ff46e4a06f7321921b48e5b6d9
./echinodermata/pentremites/pen 6.jpg,c7de6cbc562226eca97edce05476752ca667376a
./echinodermata/ophiuroidea/orph 1.jpg,c5bb016fe44db6f42ae5c8f9c270bcfed0ea80de
./echinodermata/ophiuroidea/orph 4.jpg,7de490f1f6e8235705632b0dcdc2c5142fdba9e1
./echinodermata/ophiuroidea/orph 5.jpg,576a584bcae957a30d854ef0e0c260fad195fc7e
./echinodermata/ophiuroidea/orph 2.jpg,e2501a0612ab240f456920a769558700b52cb4aa
./echinodermata/ophiuroidea/orph 6.jpg,027fd7bb1ea2528194598279e792dd4716eb13a5
./echinodermata/ophiuroidea/orph 3.jpg,dadf1af5865164073102f8fee0014f0915e7ed61
./echinodermata/crinoidea/crin 1.jpg,55827f3d820281d5bf219c0dd45aa3b45e7b4c13
./echinodermata/crinoidea/crin stem 1.jpg,1bc2747b47f618781b3c2e6772f41355e20ec718
./echinodermata/crinoidea/crin2.jpg,2ff952aa7369e9d518f888f20b0b6bf114a8f87a
./echinodermata/crinoidea/crin 6.jpg,a366369ccbb973be75784cea565984328996c5b6
./echinodermata/crinoidea/crin stem 2.jpg,f270f969e142660965452d6eeea2392021ff006d
./echinodermata/crinoidea/crin 4.jpg,c89e0afbc810dfc71000a558441d780bf385647f
./echinodermata/crinoidea/crin 5.jpg,333c57a241926c82f8d1d8221ff3884a1eca26c0
./echinodermata/crinoidea/crin 3.jpg,04ff85af5e6a3f43e64eecc3ebf0571b6c9c8732
./echinodermata/asteroidea/star 5.jpg,80d4e440dc7cacbecd5d587feb902cdcf5b1e33e
./echinodermata/asteroidea/star 1.jpg,b1c2f04f2ffb8d8560f7811508ea9d018d2bd988
./echinodermata/asteroidea/star 4.jpg,2d70810200a11c8b81a254558062b4afeed4f2f3
./echinodermata/asteroidea/star 2.jpg,5d785f2a521e449432b68283b2c8c6b5185d3111
./echinodermata/asteroidea/star 3.jpg,c64d03c33fab3073561f3939a360e8a539a0725f
./cnidaria/hexagonaria/hexa 5.png,ff0d462888a4d740e7603ebf102468b750821815
./cnidaria/hexagonaria/hexa 2.jpg,7cc00e182b5b9160d27eed876161f1f25ceb8999
./cnidaria/hexagonaria/hexa 3.jpg,1fcc96772782155b0d0c812ff596efca0c54dc0c
./cnidaria/hexagonaria/hexa 8.jpg,c0b7fb7ffbd6634659ff72da9d19935dadaddc87
./cnidaria/hexagonaria/hexa 6.jpg,2154ee3b6c237588e47ed71d15998fb503555287
./cnidaria/hexagonaria/hexa 1.jpg,326c7aebb65591714d051d3b3f81a28623c80b89
./cnidaria/hexagonaria/hexa 4.jpg,fde97d9823ba8eb87d67dee292adb8554777660f
./cnidaria/hexagonaria/hexa 7.jpg,5f95a70ec47ea77bd137c3c2b3b4b2e4f20fa97f
./cnidaria/septastrea/septa 1.jpg,d667ff1c45aad9f8416de0c0182419a7a0122825
./cnidaria/septastrea/septa 4.jpg,4959fde541f6255978f2d0645f7abc9972f88cf0
./cnidaria/septastrea/septa 6.jpg,7439c8e58ec6f3c7c061d452b046529cab5dee8e
./cnidaria/septastrea/septa 8.jpg,dd772041cef7e7b0aee3667632997ccc1a134364
./cnidaria/septastrea/septa 5.jpg,d38fab11b6ff924aa4e70e3a107d5c0bdd60a38b
./cnidaria/septastrea/septa 7.jpg,632aa1f64193e323bd30545ed41a32219180642e
./cnidaria/septastrea/septa 2.png,e6eef1519a8cf2ac9b9022c88b4062cbaeb07381
./cnidaria/septastrea/septa 3.jpg,53650094f091f0bc5499538f71acd8936edaecb6
./cnidaria/heliophyllum/helio 2.jpg,badba11621262b329803d183d7b795e4bf6ea613
./cnidaria/heliophyllum/helio 6.jpg,d0360f0ecdf8f1c2133a7de6ca4bb3a5f9c2d80d
./cnidaria/heliophyllum/helio 1.jpg,776c214d396c072aa0e634dfddc6d4932d120acf
./cnidaria/heliophyllum/helio 4.jpg,5d20ba80435c672b53038d3be3d7af1c8e4ce022
./cnidaria/heliophyllum/helio 3.jpg,625dc4a3baf32c5a2ddeb2086ac832bf18ba35c6
./cnidaria/heliophyllum/helio 5.jpg,7a07a53c97c887d9326ea939455f31603d3db7dd
./cnidaria/heliophyllum/helio 7.jpg,988dd2a8dbc4ecf22fa81a8f68c8e06867cbcd29
./cnidaria/halysites/haly 6.jpg,088cadfd88af0d4092b935a3a90f5859930b1116
./cnidaria/halysites/haly 7.jpg,ca4206e51fa202a9ca47d484567d11fa4bd9494b
./cnidaria/halysites/haly 4.jpeg,ddf42508cf42729240bb972589cf06d4fa379457
./cnidaria/halysites/haly 2.jpg,5b4a17678d4e272666a1e1e579abc430866ed65d
./cnidaria/halysites/haly 1.jpg,e0d028214b2f6e185d996cb21f6e5e48ccb414dd
./cnidaria/halysites/haly 3.jpg,4f5612224823e1f35f7928103de0a79d77dc8918
./cnidaria/favosites/fav 4.jpg,74c29cb45be139cccec8ce6c4d963dea57ea4aa0
./cnidaria/favosites/fav 6.jpg,2c62186008614a33bfdb600854fffb7d485dceb9
./cnidaria/favosites/fav 1.jpg,4d0b062d2b4dc08013f5ea7a975e4bd297f9f737
./cnidaria/favosites/fav 3.jpg,ea5dbf202e5f78ba58bcab744464c15ca4322d05
./cnidaria/favosites/fav 7.jpg,c262a8ca44b939e0752a04973a6f851232ddf5e5
./cnidaria/favosites/fav 2.jpg,de22641c01d78ae42f7ba0fe7ca8f0dd670e78ff
./cnidaria/favosites/fav 5.jpg,8489f70be0d69258602fc6b84fb1d3f860b5f0b2
./mollusca/goniatitida/gon 1.jpg,596d825519ba08d192eeac20597394e6e0058a24
./mollusca/goniatitida/gon 3.jpg,835ccdf96cf32cc89508bccfd23a2c6a40b6ae17
./mollusca/goniatitida/gon 5.PNG,f5f27e5fa3563940837249ba2e4979777c98fc5d
./mollusca/goniatitida/gon 2.jpg,f3f82b87b94fabff8550f71422d696580529692b
./mollusca/goniatitida/gon 4.jpg,9226fcd3af92a7476314120a7c3fd8d349bf2ff6
./mollusca/dactylioceras/dact 6.jpg,2c0416500e69b5f85b1e2d4a353faf62d36246f6
./mollusca/dactylioceras/dact 4.jpg,9f89fdea8c86a529a301edf1a912b3ad4dcfdba2
./mollusca/dactylioceras/dact 5.jpg,5b6a6538887624d20d25dee5d3017eb6ec1d8f6b
./mollusca/dactylioceras/dact 2.jpg,d1934581e0ed43f231050a817fc2641e10378554
./mollusca/dactylioceras/dact 1.jpg,5469f5895dfe19e09dd6559762a3ef753992a442
./mollusca/dactylioceras/dact 3.jpg,9687678457f9ca228c08112a9bd404df2d99ca59
./mollusca/dactylioceras/dact 7.jpg,d10b2f2cfd2ca27bef49e139cff8eed7903b22e2
./mollusca/nucula/nucula 2.jpg,4d6c46e26f0d3acc7daa7109014819b3595156f8
./mollusca/nucula/nucula 3.jpg,a2d8b5f8cc8889dfe0c52a1cdb438e9390db6236
./mollusca/nucula/nucula 4.jpg,92c6fff661d740c981a44fdf4027d8bed93e31ed
./mollusca/nucula/nucula 1.jpg,608f1789c9ee1748e1d6638b5a6a5e679cba7a8f
./mollusca/nucula/nucula 6.jpg,c3f1d4df003b84c3246cd80caea0494b711f8899
./mollusca/nucula/nucula 7.jpg,886da6e13fa17901fa883e9a9fe983ecb65d0a21
./mollusca/nucula/nucula 5.jpg,1f1c6b2bfd51ba140f94147f499194641fa27be1
./mollusca/orthocerida/ortho 4.jpg,80498678a01b93bc4f7fe408c9618dfb65d63619
./mollusca/orthocerida/ortho 1.jpg,0cad80b9ff2550c8b54127a7836b3da5b12a12ce
./mollusca/orthocerida/ortho 2.jpg,ac93a82526d1c6cd69f8ac3e7594fbcbdd185f8d
./mollusca/orthocerida/ortho 6.jpg,9934ced61e253875893eeaf3ba58f5f99c5776fc
./mollusca/orthocerida/ortho 5.jpg,bb0fb0143b26bac9b11ead3c25ccd646169f091c
./mollusca/orthocerida/ortho 3.jpg,89b9438475bc9ad31495be9473341777ee29db75
./mollusca/exogyra/exo 4.jpg,644900cd48fd156af9cbc5c159cbe1aff9167e0c
./mollusca/exogyra/exo 1.jpg,511df4d055a99e488c83011576034e9209c59802
./mollusca/exogyra/exo 9.jpg,b61a1bf80fe6fc4840965647e5bd597a3a17ddaa
./mollusca/exogyra/exo 5.jpg,6b7d6b3cc6fc897fafdd3fd27f443dbefe896209
./mollusca/exogyra/exo 3.jpg,0bce0d2845c6158a7fd88580fedc27080ef01d35
./mollusca/exogyra/exo 6.jpg,7650da01ada43d25bcc85da14f170a08cfd08e47
./mollusca/exogyra/exo 8.jpg,cca62e9d821a2cd4870eadf4c4cb3f9fd2723ac6
./mollusca/exogyra/exo 7.jpg,7c58c7e8dfead874b12ba6203f5a1a6d804b3e28
./mollusca/exogyra/exo 2.jpg,fb3d1c6a9af481d4d555278b7ea73d5d32ec1b74
./mollusca/glycymeris/glycy 6.jpg,d61896780c27228b7b6b77c34ff4e63401103bd0
./mollusca/glycymeris/glycy 2.jpg,72658d3a8bce02b32056053dba319247c09a5fc7
./mollusca/glycymeris/glycy 3.jpg,c7007b9f0add052ce3a0195674cb89ee96dc4734
./mollusca/glycymeris/glycy 5.jpg,63101fa5d8764e077f9002b5c986aa0f8c1ceab1
./mollusca/glycymeris/glycy 8.jpg,2f71bcfd3d3155b87add1980f90636cd21828b60
./mollusca/glycymeris/glycy 7.jpg,e92182d02b471d4bdbb14ce8bf252487b5d8706a
./mollusca/glycymeris/glycy 9.jpg,88a3ee65ef85eb7fff1f513cf172160187a9ebae
./mollusca/glycymeris/glycy 1.jpg,648df86944ff288e89cf6d15b02829f680357534
./mollusca/glycymeris/glycy 4.jpg,369ba95e3ed31fbc1dfece867aabb489a97fdb8d
./mollusca/platyceras/platy 6.jpg,82b90e146107b59a227949898ca15a7c1a0c1b99
./mollusca/platyceras/platy 1.jpg,0a10f759ff39369e411fc10da0983c2182b527cf
./mollusca/platyceras/platy 5.jpg,40cd14c67c5c5095386d3d3ab6a6d71f88e87e26
./mollusca/platyceras/platy 4.jpg,58732e680834c3971e69867414e4a0d898e62d67
./mollusca/platyceras/platy 2.jpg,c714687b0b7419b234239923f3f35d37ea20b273
./mollusca/platyceras/platy 7.jpg,47d74173f34604ff0690d74fc9bc956e1c9636c1
./mollusca/platyceras/platy 8.jpg,74fe5f46349ac9c308af7d865ff8b64f4f39291e
./mollusca/platyceras/platy 3.jpg,1573ce782739b4de51537eab7547e49abc287457
./mollusca/turritella/turr 4.jpg,99a4c2b8ecd8a52dd27127bbd3335ec14528c05d
./mollusca/turritella/turr 5.jpg,e68e4a3f7ae2885631fc7f9ab7015c6eb6c71221
./mollusca/turritella/turr 7.jpg,6d9280e1b90cfb262e4252dbd0d65699feaa89c8
./mollusca/turritella/turr 6.jpg,612e98d32958f9103ad8633cbfad4d4cbfe9be47
./mollusca/turritella/turr 1.jpg,d18f42a224e52f9993c721c40752a41b64644597
./mollusca/turritella/turr 3.jpg,508cb70f360b72703fd3893ba9ebf6e988e8fdca
./mollusca/turritella/turr 2.jpg,31e338eddf4c0a30f805625592b5ba623b3d2aaf
./mollusca/gryphaea/grpyh 5.jpg,03ce9a025aeedf05bc841c6d9d2e161f6cb992c4
./mollusca/gryphaea/gryph 4.jpg,527d5285409f1d3bac95d79fac0ff141316786f0
./mollusca/gryphaea/gryph 7.jpg,e8a9088b1c419f0136f6da21bc8e2c00cf634464
./mollusca/gryphaea/gryph 3.jpg,2452ac0180b09e0f9df4adfb0c94f59f1f06dfff
./mollusca/gryphaea/gryph 8.jpg,c10acad50dfa69abf2fea812209ce198ee7a2e09
./mollusca/gryphaea/gryph 6.jpg,0df414789d92dad8ba808f6820f23a624c1ce13e
./mollusca/gryphaea/gryph 2.jpg,2028e05cac56bb5cb3aa28ecd3dd9fad5fbd0260
./mollusca/gryphaea/gryph 1.jpg,a65685bb027d1c94c71a4c1dbdb8f15b7afd71d5
./mollusca/baculites/bacu 2.jpg,4bcacfb636304f7815b9c17ba200d64decc15ea0
./mollusca/baculites/bacu 6.jpg,9457b9968f73adb0c287ceca00eaac9da69e87a2
./mollusca/baculites/bacu 5.jpg,1535b4826979a8b85ac41bf1b92122718feae802
./mollusca/baculites/bacu 1.jpg,a267007b02d33c3aa24407119ebf18bb947a9bf5
./mollusca/baculites/bacu 4.jpg,eafcad79930f8c5afbed905d745078adfce81884
./mollusca/belemnitella/bel 4.jpg,5f1f4dcad24e03696108a921e2c7bfadaad6921b
./mollusca/belemnitella/bel 2.jpg,e4f84463193b02c6c831a90cdbc173cc8c50c4cb
./mollusca/belemnitella/bel 1.jpg,5d13f242990edbe4d8513f7b958001a333dca0bc
./mollusca/belemnitella/bel 6.jpg,aef8f0845fb6cdc83e6db0112256b66a8f92647f
./mollusca/belemnitella/bel 7.jpg,9e69b9a6f3254bbcdcb8f2f529a822279da9b18e
./mollusca/belemnitella/bel 3.jpg,76248c063e8445299677a0fc5fdee2a4a010e392
./mollusca/belemnitella/bel 5.jpg,90e3bd8e35b7991a12678ffd73b24b51a7246db2
./mollusca/pecten/pecten 6.jpg,2fa0b540430393eb3c9f2b2eeede3e066c90d9d9
./mollusca/pecten/pecten 4.jpg,cd2e146d50771099615e021c3c58fdc11b418f4a
./mollusca/pecten/pecten 2.jpg,4465b815d9c1b69d9686468f524abab5183d06ae
./mollusca/pecten/pecten 5.jpg,9cddbc5f6455a74fd7205512a6b9ed2ff1ff8d57
./mollusca/pecten/pecten 1.jpg,84ea2724ca8c98dfab0757dfea0914db0e202dea
./mollusca/pecten/pecten 3.jpg,1eab58a9560798c4673964ff0ff1be84381dffda
./mollusca/nautilida/naut 1.jpg,1bcc19857b4816b5d963c21a774d2dda6093e733
./mollusca/nautilida/naut 2.jpg,7071fe68e7612b5e6d5b3b949e483446f463c7e9
./mollusca/nautilida/naut 3.jpg,4ca722aa72fd3db51b672acab90f4f32cedb42b7
./mollusca/nautilida/naut 4.jpg,ef10395014df17058cd441c4b929b0230f80d4f8
./mollusca/nautilida/naut 5.jpg,3f308c45620cbc892d0e4aa154414ae8af535270
./mollusca/conus/conus 2.jpg,f06299ca62423d0f17d4414368ad801c9c2841e1
./mollusca/conus/conus 6.jpg,f8c1ba7a4bdbfe5370314996b92017da1867856b
./mollusca/conus/conus 5.jpg,931dcb9fc744ce569a206e8378a258ebe54a53a5
./mollusca/conus/conus 1.jpg,5eb4b532031c3a79c88c92a8947b8891c9284034
./mollusca/conus/conus 4.jpg,030580ba5967732e2064065e8c0d7db990f71ed1
./mollusca/conus/conus 3.jpg,5e5c1bbf17ce003623bc785b0cd03d0f96737a40
./mollusca/conus/conus 7.jpg,c856caac910b4a98f1d9bd52a6fa2308d27a8f23
./mollusca/worthenia/worth 4.jpg,cba988a9ae97f86bd41782c96dfe3297c246de3f
./mollusca/worthenia/worth 1.jpg,7cb0d8670354d156144ffcb95417090ddff09ba7
./mollusca/worthenia/worth 3.jpg,1bee9ddc6a53113e68986d015b5d407f3a6ddead
./mollusca/worthenia/worth 7.jpg,e535bc21d8ab6b3da08bdf855ae8ce12f97735d4
./mollusca/worthenia/worth  5.jpg,b5027c19814e7c7de3823966f4debea1f02d896b
./mollusca/worthenia/worth 2.jpg,6f38f2171c47151983baf266b3f492a0fef70d10
./mollusca/ceratitida/cera 4.jpg,e1fed35af8d96b991ee0249528578bcdc45a5ed1
./mollusca/ceratitida/cera 3.PNG,11fd811aea54226e8f41e173f13610535562ecbf
./mollusca/ceratitida/cera 5.jpg,e82a89aaf3bdf1c88cf6eae19d0a00a460f54c88
./mollusca/ceratitida/cera 2.JPG,cff0a0857384092ecd2feaaf96c67e4858a53c06
./mollusca/ceratitida/cera 1.jpg,7be6408b31566873906269a7765c74caa3ba50a3
./mollusca/cypraea/cyp 1.jpg,29d225eb19b080d7598fe9588a1db04a8151afc3
./mollusca/cypraea/cyp 2.jpg,6ab3de16489b9a48b56046a2ada2f5e5bd7dc51c
./mollusca/cypraea/cyp 4.jpg,56e2bff7c3100ce8c7c4bec22eef14e562557192
./mollusca/cypraea/cyp 6.jpg,ac284f06039f965508059bdddb86e2eb14e0af57
./mollusca/cypraea/cyp 3.jpg,d2fd70be81edd551797bf13698abc1eac8b007c3
./mollusca/cypraea/cyp 5.png,19b278d8ba02c47e03971a4e9744e63893f8a048
./mollusca/astarte/astarte 2.jpg,63d6dd94199e1ce37295d80b9050c6a9b13a197f
./mollusca/astarte/astarte 4.jpg,757d9aa4112dad3ecb8baa330eb6480fa089bd7e
./mollusca/astarte/astarte 6.jpg,b63af2876546d39ef170cea10620548e17c06513
./mollusca/astarte/astarte 8.jpg,9c675b58e62dd0b8b3c40d65807d78b05630cb86
./mollusca/astarte/astarte 7.jpg,7b716322ed77569d109a02e2bc8f1656b30d9b07
./mollusca/astarte/astarte 1.jpg,ab60491b33f4644063e27442057b3a1db0df5d8a
./mollusca/astarte/astarte 5.jpg,2f9cf982e2a586f67ea9fbe688ece3b19a9c1d83
./mollusca/astarte/astarte 3.jpg,9bcf9281d80fa4c4ba9308550fffee308c1b92b1